,images,masks,collages
0,images/0_00030.png,masks/0_00030.png,collages/0_00030.jpg
1,images/0_00180.png,masks/0_00180.png,collages/0_00180.jpg
2,images/0_00330.png,masks/0_00330.png,collages/0_00330.jpg
3,images/0_00360.png,masks/0_00360.png,collages/0_00360.jpg
4,images/0_00420.png,masks/0_00420.png,collages/0_00420.jpg
5,images/101_00060.png,masks/101_00060.png,collages/101_00060.jpg
6,images/101_00090.png,masks/101_00090.png,collages/101_00090.jpg
7,images/101_00120.png,masks/101_00120.png,collages/101_00120.jpg
8,images/101_00150.png,masks/101_00150.png,collages/101_00150.jpg
9,images/101_00330.png,masks/101_00330.png,collages/101_00330.jpg
10,images/102_00060.png,masks/102_00060.png,collages/102_00060.jpg
11,images/102_00360.png,masks/102_00360.png,collages/102_00360.jpg
12,images/103_00120.png,masks/103_00120.png,collages/103_00120.jpg
13,images/103_00150.png,masks/103_00150.png,collages/103_00150.jpg
14,images/103_00210.png,masks/103_00210.png,collages/103_00210.jpg
15,images/103_00450.png,masks/103_00450.png,collages/103_00450.jpg
16,images/104_00030.png,masks/104_00030.png,collages/104_00030.jpg
17,images/104_00060.png,masks/104_00060.png,collages/104_00060.jpg
18,images/104_00090.png,masks/104_00090.png,collages/104_00090.jpg
19,images/104_00120.png,masks/104_00120.png,collages/104_00120.jpg
20,images/104_00150.png,masks/104_00150.png,collages/104_00150.jpg
21,images/104_00180.png,masks/104_00180.png,collages/104_00180.jpg
22,images/104_00210.png,masks/104_00210.png,collages/104_00210.jpg
23,images/104_00270.png,masks/104_00270.png,collages/104_00270.jpg
24,images/104_00300.png,masks/104_00300.png,collages/104_00300.jpg
25,images/104_00330.png,masks/104_00330.png,collages/104_00330.jpg
26,images/104_00360.png,masks/104_00360.png,collages/104_00360.jpg
27,images/104_00390.png,masks/104_00390.png,collages/104_00390.jpg
28,images/104_00420.png,masks/104_00420.png,collages/104_00420.jpg
29,images/104_00450.png,masks/104_00450.png,collages/104_00450.jpg
30,images/105_00030.png,masks/105_00030.png,collages/105_00030.jpg
31,images/106_00030.png,masks/106_00030.png,collages/106_00030.jpg
32,images/106_00090.png,masks/106_00090.png,collages/106_00090.jpg
33,images/106_00180.png,masks/106_00180.png,collages/106_00180.jpg
34,images/106_00270.png,masks/106_00270.png,collages/106_00270.jpg
35,images/106_00300.png,masks/106_00300.png,collages/106_00300.jpg
36,images/106_00330.png,masks/106_00330.png,collages/106_00330.jpg
37,images/106_00360.png,masks/106_00360.png,collages/106_00360.jpg
38,images/106_00390.png,masks/106_00390.png,collages/106_00390.jpg
39,images/107_00360.png,masks/107_00360.png,collages/107_00360.jpg
40,images/108_00120.png,masks/108_00120.png,collages/108_00120.jpg
41,images/108_00150.png,masks/108_00150.png,collages/108_00150.jpg
42,images/108_00180.png,masks/108_00180.png,collages/108_00180.jpg
43,images/108_00210.png,masks/108_00210.png,collages/108_00210.jpg
44,images/108_00240.png,masks/108_00240.png,collages/108_00240.jpg
45,images/108_00270.png,masks/108_00270.png,collages/108_00270.jpg
46,images/108_00300.png,masks/108_00300.png,collages/108_00300.jpg
47,images/108_00330.png,masks/108_00330.png,collages/108_00330.jpg
48,images/108_00360.png,masks/108_00360.png,collages/108_00360.jpg
49,images/108_00390.png,masks/108_00390.png,collages/108_00390.jpg
50,images/108_00420.png,masks/108_00420.png,collages/108_00420.jpg
51,images/108_00450.png,masks/108_00450.png,collages/108_00450.jpg
52,images/10_00090.png,masks/10_00090.png,collages/10_00090.jpg
53,images/10_00120.png,masks/10_00120.png,collages/10_00120.jpg
54,images/10_00150.png,masks/10_00150.png,collages/10_00150.jpg
55,images/10_00180.png,masks/10_00180.png,collages/10_00180.jpg
56,images/10_00210.png,masks/10_00210.png,collages/10_00210.jpg
57,images/10_00240.png,masks/10_00240.png,collages/10_00240.jpg
58,images/10_00270.png,masks/10_00270.png,collages/10_00270.jpg
59,images/10_00330.png,masks/10_00330.png,collages/10_00330.jpg
60,images/10_00360.png,masks/10_00360.png,collages/10_00360.jpg
61,images/10_00390.png,masks/10_00390.png,collages/10_00390.jpg
62,images/10_00420.png,masks/10_00420.png,collages/10_00420.jpg
63,images/110_00090.png,masks/110_00090.png,collages/110_00090.jpg
64,images/111_00090.png,masks/111_00090.png,collages/111_00090.jpg
65,images/111_00120.png,masks/111_00120.png,collages/111_00120.jpg
66,images/111_00270.png,masks/111_00270.png,collages/111_00270.jpg
67,images/111_00300.png,masks/111_00300.png,collages/111_00300.jpg
68,images/111_00330.png,masks/111_00330.png,collages/111_00330.jpg
69,images/111_00360.png,masks/111_00360.png,collages/111_00360.jpg
70,images/111_00420.png,masks/111_00420.png,collages/111_00420.jpg
71,images/112_00030.png,masks/112_00030.png,collages/112_00030.jpg
72,images/112_00060.png,masks/112_00060.png,collages/112_00060.jpg
73,images/112_00210.png,masks/112_00210.png,collages/112_00210.jpg
74,images/112_00270.png,masks/112_00270.png,collages/112_00270.jpg
75,images/112_00300.png,masks/112_00300.png,collages/112_00300.jpg
76,images/112_00390.png,masks/112_00390.png,collages/112_00390.jpg
77,images/113_00060.png,masks/113_00060.png,collages/113_00060.jpg
78,images/113_00090.png,masks/113_00090.png,collages/113_00090.jpg
79,images/113_00120.png,masks/113_00120.png,collages/113_00120.jpg
80,images/113_00150.png,masks/113_00150.png,collages/113_00150.jpg
81,images/113_00180.png,masks/113_00180.png,collages/113_00180.jpg
82,images/113_00210.png,masks/113_00210.png,collages/113_00210.jpg
83,images/113_00240.png,masks/113_00240.png,collages/113_00240.jpg
84,images/113_00330.png,masks/113_00330.png,collages/113_00330.jpg
85,images/113_00360.png,masks/113_00360.png,collages/113_00360.jpg
86,images/114_00090.png,masks/114_00090.png,collages/114_00090.jpg
87,images/114_00180.png,masks/114_00180.png,collages/114_00180.jpg
88,images/114_00210.png,masks/114_00210.png,collages/114_00210.jpg
89,images/114_00240.png,masks/114_00240.png,collages/114_00240.jpg
90,images/114_00270.png,masks/114_00270.png,collages/114_00270.jpg
91,images/114_00300.png,masks/114_00300.png,collages/114_00300.jpg
92,images/114_00330.png,masks/114_00330.png,collages/114_00330.jpg
93,images/114_00360.png,masks/114_00360.png,collages/114_00360.jpg
94,images/114_00390.png,masks/114_00390.png,collages/114_00390.jpg
95,images/114_00420.png,masks/114_00420.png,collages/114_00420.jpg
96,images/115_00030.png,masks/115_00030.png,collages/115_00030.jpg
97,images/115_00120.png,masks/115_00120.png,collages/115_00120.jpg
98,images/115_00180.png,masks/115_00180.png,collages/115_00180.jpg
99,images/115_00210.png,masks/115_00210.png,collages/115_00210.jpg
100,images/115_00240.png,masks/115_00240.png,collages/115_00240.jpg
101,images/115_00270.png,masks/115_00270.png,collages/115_00270.jpg
102,images/115_00300.png,masks/115_00300.png,collages/115_00300.jpg
103,images/115_00360.png,masks/115_00360.png,collages/115_00360.jpg
104,images/116_00030.png,masks/116_00030.png,collages/116_00030.jpg
105,images/116_00090.png,masks/116_00090.png,collages/116_00090.jpg
106,images/116_00150.png,masks/116_00150.png,collages/116_00150.jpg
107,images/116_00330.png,masks/116_00330.png,collages/116_00330.jpg
108,images/117_00030.png,masks/117_00030.png,collages/117_00030.jpg
109,images/117_00060.png,masks/117_00060.png,collages/117_00060.jpg
110,images/117_00090.png,masks/117_00090.png,collages/117_00090.jpg
111,images/117_00120.png,masks/117_00120.png,collages/117_00120.jpg
112,images/117_00150.png,masks/117_00150.png,collages/117_00150.jpg
113,images/117_00210.png,masks/117_00210.png,collages/117_00210.jpg
114,images/117_00240.png,masks/117_00240.png,collages/117_00240.jpg
115,images/117_00270.png,masks/117_00270.png,collages/117_00270.jpg
116,images/117_00300.png,masks/117_00300.png,collages/117_00300.jpg
117,images/117_00330.png,masks/117_00330.png,collages/117_00330.jpg
118,images/117_00420.png,masks/117_00420.png,collages/117_00420.jpg
119,images/118_00030.png,masks/118_00030.png,collages/118_00030.jpg
120,images/118_00060.png,masks/118_00060.png,collages/118_00060.jpg
121,images/118_00090.png,masks/118_00090.png,collages/118_00090.jpg
122,images/118_00120.png,masks/118_00120.png,collages/118_00120.jpg
123,images/118_00150.png,masks/118_00150.png,collages/118_00150.jpg
124,images/118_00180.png,masks/118_00180.png,collages/118_00180.jpg
125,images/118_00210.png,masks/118_00210.png,collages/118_00210.jpg
126,images/118_00240.png,masks/118_00240.png,collages/118_00240.jpg
127,images/118_00270.png,masks/118_00270.png,collages/118_00270.jpg
128,images/118_00300.png,masks/118_00300.png,collages/118_00300.jpg
129,images/118_00330.png,masks/118_00330.png,collages/118_00330.jpg
130,images/118_00360.png,masks/118_00360.png,collages/118_00360.jpg
131,images/118_00390.png,masks/118_00390.png,collages/118_00390.jpg
132,images/119_00420.png,masks/119_00420.png,collages/119_00420.jpg
133,images/11_00030.png,masks/11_00030.png,collages/11_00030.jpg
134,images/11_00090.png,masks/11_00090.png,collages/11_00090.jpg
135,images/11_00120.png,masks/11_00120.png,collages/11_00120.jpg
136,images/11_00210.png,masks/11_00210.png,collages/11_00210.jpg
137,images/11_00240.png,masks/11_00240.png,collages/11_00240.jpg
138,images/11_00330.png,masks/11_00330.png,collages/11_00330.jpg
139,images/11_00360.png,masks/11_00360.png,collages/11_00360.jpg
140,images/11_00390.png,masks/11_00390.png,collages/11_00390.jpg
141,images/121_00030.png,masks/121_00030.png,collages/121_00030.jpg
142,images/121_00060.png,masks/121_00060.png,collages/121_00060.jpg
143,images/121_00090.png,masks/121_00090.png,collages/121_00090.jpg
144,images/121_00150.png,masks/121_00150.png,collages/121_00150.jpg
145,images/121_00360.png,masks/121_00360.png,collages/121_00360.jpg
146,images/123_00090.png,masks/123_00090.png,collages/123_00090.jpg
147,images/123_00180.png,masks/123_00180.png,collages/123_00180.jpg
148,images/123_00270.png,masks/123_00270.png,collages/123_00270.jpg
149,images/123_00330.png,masks/123_00330.png,collages/123_00330.jpg
150,images/123_00420.png,masks/123_00420.png,collages/123_00420.jpg
151,images/124_00030.png,masks/124_00030.png,collages/124_00030.jpg
152,images/124_00090.png,masks/124_00090.png,collages/124_00090.jpg
153,images/124_00180.png,masks/124_00180.png,collages/124_00180.jpg
154,images/124_00270.png,masks/124_00270.png,collages/124_00270.jpg
155,images/124_00300.png,masks/124_00300.png,collages/124_00300.jpg
156,images/124_00330.png,masks/124_00330.png,collages/124_00330.jpg
157,images/126_00030.png,masks/126_00030.png,collages/126_00030.jpg
158,images/126_00060.png,masks/126_00060.png,collages/126_00060.jpg
159,images/126_00090.png,masks/126_00090.png,collages/126_00090.jpg
160,images/126_00120.png,masks/126_00120.png,collages/126_00120.jpg
161,images/126_00180.png,masks/126_00180.png,collages/126_00180.jpg
162,images/126_00210.png,masks/126_00210.png,collages/126_00210.jpg
163,images/126_00360.png,masks/126_00360.png,collages/126_00360.jpg
164,images/129_00030.png,masks/129_00030.png,collages/129_00030.jpg
165,images/129_00210.png,masks/129_00210.png,collages/129_00210.jpg
166,images/129_00270.png,masks/129_00270.png,collages/129_00270.jpg
167,images/129_00420.png,masks/129_00420.png,collages/129_00420.jpg
168,images/12_00090.png,masks/12_00090.png,collages/12_00090.jpg
169,images/12_00210.png,masks/12_00210.png,collages/12_00210.jpg
170,images/12_00240.png,masks/12_00240.png,collages/12_00240.jpg
171,images/131_00060.png,masks/131_00060.png,collages/131_00060.jpg
172,images/131_00210.png,masks/131_00210.png,collages/131_00210.jpg
173,images/131_00240.png,masks/131_00240.png,collages/131_00240.jpg
174,images/131_00270.png,masks/131_00270.png,collages/131_00270.jpg
175,images/131_00300.png,masks/131_00300.png,collages/131_00300.jpg
176,images/131_00330.png,masks/131_00330.png,collages/131_00330.jpg
177,images/131_00360.png,masks/131_00360.png,collages/131_00360.jpg
178,images/133_00030.png,masks/133_00030.png,collages/133_00030.jpg
179,images/133_00060.png,masks/133_00060.png,collages/133_00060.jpg
180,images/133_00270.png,masks/133_00270.png,collages/133_00270.jpg
181,images/133_00360.png,masks/133_00360.png,collages/133_00360.jpg
182,images/133_00390.png,masks/133_00390.png,collages/133_00390.jpg
183,images/133_00420.png,masks/133_00420.png,collages/133_00420.jpg
184,images/134_00030.png,masks/134_00030.png,collages/134_00030.jpg
185,images/134_00060.png,masks/134_00060.png,collages/134_00060.jpg
186,images/134_00150.png,masks/134_00150.png,collages/134_00150.jpg
187,images/134_00180.png,masks/134_00180.png,collages/134_00180.jpg
188,images/134_00210.png,masks/134_00210.png,collages/134_00210.jpg
189,images/134_00330.png,masks/134_00330.png,collages/134_00330.jpg
190,images/134_00360.png,masks/134_00360.png,collages/134_00360.jpg
191,images/135_00030.png,masks/135_00030.png,collages/135_00030.jpg
192,images/135_00060.png,masks/135_00060.png,collages/135_00060.jpg
193,images/135_00090.png,masks/135_00090.png,collages/135_00090.jpg
194,images/135_00120.png,masks/135_00120.png,collages/135_00120.jpg
195,images/135_00150.png,masks/135_00150.png,collages/135_00150.jpg
196,images/135_00180.png,masks/135_00180.png,collages/135_00180.jpg
197,images/135_00210.png,masks/135_00210.png,collages/135_00210.jpg
198,images/135_00240.png,masks/135_00240.png,collages/135_00240.jpg
199,images/135_00270.png,masks/135_00270.png,collages/135_00270.jpg
200,images/135_00300.png,masks/135_00300.png,collages/135_00300.jpg
201,images/135_00330.png,masks/135_00330.png,collages/135_00330.jpg
202,images/135_00360.png,masks/135_00360.png,collages/135_00360.jpg
203,images/135_00420.png,masks/135_00420.png,collages/135_00420.jpg
204,images/135_00450.png,masks/135_00450.png,collages/135_00450.jpg
205,images/136_00030.png,masks/136_00030.png,collages/136_00030.jpg
206,images/136_00060.png,masks/136_00060.png,collages/136_00060.jpg
207,images/136_00090.png,masks/136_00090.png,collages/136_00090.jpg
208,images/136_00120.png,masks/136_00120.png,collages/136_00120.jpg
209,images/136_00150.png,masks/136_00150.png,collages/136_00150.jpg
210,images/136_00180.png,masks/136_00180.png,collages/136_00180.jpg
211,images/136_00210.png,masks/136_00210.png,collages/136_00210.jpg
212,images/136_00240.png,masks/136_00240.png,collages/136_00240.jpg
213,images/136_00270.png,masks/136_00270.png,collages/136_00270.jpg
214,images/136_00300.png,masks/136_00300.png,collages/136_00300.jpg
215,images/136_00330.png,masks/136_00330.png,collages/136_00330.jpg
216,images/136_00360.png,masks/136_00360.png,collages/136_00360.jpg
217,images/136_00390.png,masks/136_00390.png,collages/136_00390.jpg
218,images/136_00420.png,masks/136_00420.png,collages/136_00420.jpg
219,images/137_00060.png,masks/137_00060.png,collages/137_00060.jpg
220,images/137_00090.png,masks/137_00090.png,collages/137_00090.jpg
221,images/137_00120.png,masks/137_00120.png,collages/137_00120.jpg
222,images/137_00150.png,masks/137_00150.png,collages/137_00150.jpg
223,images/137_00180.png,masks/137_00180.png,collages/137_00180.jpg
224,images/137_00210.png,masks/137_00210.png,collages/137_00210.jpg
225,images/137_00240.png,masks/137_00240.png,collages/137_00240.jpg
226,images/137_00270.png,masks/137_00270.png,collages/137_00270.jpg
227,images/137_00300.png,masks/137_00300.png,collages/137_00300.jpg
228,images/137_00330.png,masks/137_00330.png,collages/137_00330.jpg
229,images/137_00360.png,masks/137_00360.png,collages/137_00360.jpg
230,images/137_00390.png,masks/137_00390.png,collages/137_00390.jpg
231,images/137_00420.png,masks/137_00420.png,collages/137_00420.jpg
232,images/139_00120.png,masks/139_00120.png,collages/139_00120.jpg
233,images/139_00210.png,masks/139_00210.png,collages/139_00210.jpg
234,images/139_00240.png,masks/139_00240.png,collages/139_00240.jpg
235,images/141_00090.png,masks/141_00090.png,collages/141_00090.jpg
236,images/141_00120.png,masks/141_00120.png,collages/141_00120.jpg
237,images/141_00150.png,masks/141_00150.png,collages/141_00150.jpg
238,images/141_00180.png,masks/141_00180.png,collages/141_00180.jpg
239,images/141_00210.png,masks/141_00210.png,collages/141_00210.jpg
240,images/141_00240.png,masks/141_00240.png,collages/141_00240.jpg
241,images/141_00270.png,masks/141_00270.png,collages/141_00270.jpg
242,images/141_00300.png,masks/141_00300.png,collages/141_00300.jpg
243,images/141_00330.png,masks/141_00330.png,collages/141_00330.jpg
244,images/141_00390.png,masks/141_00390.png,collages/141_00390.jpg
245,images/142_00120.png,masks/142_00120.png,collages/142_00120.jpg
246,images/142_00150.png,masks/142_00150.png,collages/142_00150.jpg
247,images/142_00180.png,masks/142_00180.png,collages/142_00180.jpg
248,images/142_00270.png,masks/142_00270.png,collages/142_00270.jpg
249,images/142_00300.png,masks/142_00300.png,collages/142_00300.jpg
250,images/143_00030.png,masks/143_00030.png,collages/143_00030.jpg
251,images/143_00060.png,masks/143_00060.png,collages/143_00060.jpg
252,images/143_00090.png,masks/143_00090.png,collages/143_00090.jpg
253,images/143_00120.png,masks/143_00120.png,collages/143_00120.jpg
254,images/143_00150.png,masks/143_00150.png,collages/143_00150.jpg
255,images/143_00330.png,masks/143_00330.png,collages/143_00330.jpg
256,images/143_00360.png,masks/143_00360.png,collages/143_00360.jpg
257,images/143_00420.png,masks/143_00420.png,collages/143_00420.jpg
258,images/145_00030.png,masks/145_00030.png,collages/145_00030.jpg
259,images/145_00060.png,masks/145_00060.png,collages/145_00060.jpg
260,images/145_00090.png,masks/145_00090.png,collages/145_00090.jpg
261,images/145_00120.png,masks/145_00120.png,collages/145_00120.jpg
262,images/145_00150.png,masks/145_00150.png,collages/145_00150.jpg
263,images/145_00180.png,masks/145_00180.png,collages/145_00180.jpg
264,images/145_00210.png,masks/145_00210.png,collages/145_00210.jpg
265,images/145_00240.png,masks/145_00240.png,collages/145_00240.jpg
266,images/145_00270.png,masks/145_00270.png,collages/145_00270.jpg
267,images/145_00300.png,masks/145_00300.png,collages/145_00300.jpg
268,images/145_00330.png,masks/145_00330.png,collages/145_00330.jpg
269,images/145_00360.png,masks/145_00360.png,collages/145_00360.jpg
270,images/145_00390.png,masks/145_00390.png,collages/145_00390.jpg
271,images/145_00420.png,masks/145_00420.png,collages/145_00420.jpg
272,images/147_00030.png,masks/147_00030.png,collages/147_00030.jpg
273,images/148_00210.png,masks/148_00210.png,collages/148_00210.jpg
274,images/149_00090.png,masks/149_00090.png,collages/149_00090.jpg
275,images/149_00180.png,masks/149_00180.png,collages/149_00180.jpg
276,images/149_00240.png,masks/149_00240.png,collages/149_00240.jpg
277,images/14_00030.png,masks/14_00030.png,collages/14_00030.jpg
278,images/14_00420.png,masks/14_00420.png,collages/14_00420.jpg
279,images/150_00030.png,masks/150_00030.png,collages/150_00030.jpg
280,images/150_00060.png,masks/150_00060.png,collages/150_00060.jpg
281,images/150_00090.png,masks/150_00090.png,collages/150_00090.jpg
282,images/150_00120.png,masks/150_00120.png,collages/150_00120.jpg
283,images/150_00150.png,masks/150_00150.png,collages/150_00150.jpg
284,images/150_00180.png,masks/150_00180.png,collages/150_00180.jpg
285,images/150_00210.png,masks/150_00210.png,collages/150_00210.jpg
286,images/150_00240.png,masks/150_00240.png,collages/150_00240.jpg
287,images/150_00270.png,masks/150_00270.png,collages/150_00270.jpg
288,images/150_00300.png,masks/150_00300.png,collages/150_00300.jpg
289,images/150_00330.png,masks/150_00330.png,collages/150_00330.jpg
290,images/150_00360.png,masks/150_00360.png,collages/150_00360.jpg
291,images/150_00390.png,masks/150_00390.png,collages/150_00390.jpg
292,images/151_00030.png,masks/151_00030.png,collages/151_00030.jpg
293,images/151_00060.png,masks/151_00060.png,collages/151_00060.jpg
294,images/151_00090.png,masks/151_00090.png,collages/151_00090.jpg
295,images/151_00120.png,masks/151_00120.png,collages/151_00120.jpg
296,images/151_00150.png,masks/151_00150.png,collages/151_00150.jpg
297,images/152_00060.png,masks/152_00060.png,collages/152_00060.jpg
298,images/152_00090.png,masks/152_00090.png,collages/152_00090.jpg
299,images/152_00120.png,masks/152_00120.png,collages/152_00120.jpg
300,images/152_00180.png,masks/152_00180.png,collages/152_00180.jpg
301,images/154_00060.png,masks/154_00060.png,collages/154_00060.jpg
302,images/154_00210.png,masks/154_00210.png,collages/154_00210.jpg
303,images/154_00240.png,masks/154_00240.png,collages/154_00240.jpg
304,images/154_00270.png,masks/154_00270.png,collages/154_00270.jpg
305,images/154_00300.png,masks/154_00300.png,collages/154_00300.jpg
306,images/154_00330.png,masks/154_00330.png,collages/154_00330.jpg
307,images/154_00360.png,masks/154_00360.png,collages/154_00360.jpg
308,images/154_00390.png,masks/154_00390.png,collages/154_00390.jpg
309,images/154_00420.png,masks/154_00420.png,collages/154_00420.jpg
310,images/155_00330.png,masks/155_00330.png,collages/155_00330.jpg
311,images/155_00360.png,masks/155_00360.png,collages/155_00360.jpg
312,images/155_00420.png,masks/155_00420.png,collages/155_00420.jpg
313,images/157_00150.png,masks/157_00150.png,collages/157_00150.jpg
314,images/157_00390.png,masks/157_00390.png,collages/157_00390.jpg
315,images/157_00420.png,masks/157_00420.png,collages/157_00420.jpg
316,images/159_00030.png,masks/159_00030.png,collages/159_00030.jpg
317,images/159_00060.png,masks/159_00060.png,collages/159_00060.jpg
318,images/159_00090.png,masks/159_00090.png,collages/159_00090.jpg
319,images/159_00180.png,masks/159_00180.png,collages/159_00180.jpg
320,images/159_00270.png,masks/159_00270.png,collages/159_00270.jpg
321,images/159_00360.png,masks/159_00360.png,collages/159_00360.jpg
322,images/15_00030.png,masks/15_00030.png,collages/15_00030.jpg
323,images/15_00060.png,masks/15_00060.png,collages/15_00060.jpg
324,images/15_00090.png,masks/15_00090.png,collages/15_00090.jpg
325,images/15_00120.png,masks/15_00120.png,collages/15_00120.jpg
326,images/15_00150.png,masks/15_00150.png,collages/15_00150.jpg
327,images/15_00180.png,masks/15_00180.png,collages/15_00180.jpg
328,images/15_00210.png,masks/15_00210.png,collages/15_00210.jpg
329,images/15_00240.png,masks/15_00240.png,collages/15_00240.jpg
330,images/15_00270.png,masks/15_00270.png,collages/15_00270.jpg
331,images/15_00300.png,masks/15_00300.png,collages/15_00300.jpg
332,images/15_00330.png,masks/15_00330.png,collages/15_00330.jpg
333,images/15_00360.png,masks/15_00360.png,collages/15_00360.jpg
334,images/15_00390.png,masks/15_00390.png,collages/15_00390.jpg
335,images/15_00420.png,masks/15_00420.png,collages/15_00420.jpg
336,images/160_00030.png,masks/160_00030.png,collages/160_00030.jpg
337,images/160_00060.png,masks/160_00060.png,collages/160_00060.jpg
338,images/160_00120.png,masks/160_00120.png,collages/160_00120.jpg
339,images/160_00150.png,masks/160_00150.png,collages/160_00150.jpg
340,images/160_00180.png,masks/160_00180.png,collages/160_00180.jpg
341,images/160_00210.png,masks/160_00210.png,collages/160_00210.jpg
342,images/160_00270.png,masks/160_00270.png,collages/160_00270.jpg
343,images/160_00330.png,masks/160_00330.png,collages/160_00330.jpg
344,images/161_00240.png,masks/161_00240.png,collages/161_00240.jpg
345,images/161_00270.png,masks/161_00270.png,collages/161_00270.jpg
346,images/162_00240.png,masks/162_00240.png,collages/162_00240.jpg
347,images/162_00270.png,masks/162_00270.png,collages/162_00270.jpg
348,images/162_00300.png,masks/162_00300.png,collages/162_00300.jpg
349,images/162_00330.png,masks/162_00330.png,collages/162_00330.jpg
350,images/162_00360.png,masks/162_00360.png,collages/162_00360.jpg
351,images/163_00030.png,masks/163_00030.png,collages/163_00030.jpg
352,images/163_00060.png,masks/163_00060.png,collages/163_00060.jpg
353,images/163_00090.png,masks/163_00090.png,collages/163_00090.jpg
354,images/163_00120.png,masks/163_00120.png,collages/163_00120.jpg
355,images/163_00150.png,masks/163_00150.png,collages/163_00150.jpg
356,images/163_00180.png,masks/163_00180.png,collages/163_00180.jpg
357,images/163_00210.png,masks/163_00210.png,collages/163_00210.jpg
358,images/164_00030.png,masks/164_00030.png,collages/164_00030.jpg
359,images/164_00390.png,masks/164_00390.png,collages/164_00390.jpg
360,images/165_00030.png,masks/165_00030.png,collages/165_00030.jpg
361,images/165_00060.png,masks/165_00060.png,collages/165_00060.jpg
362,images/165_00090.png,masks/165_00090.png,collages/165_00090.jpg
363,images/165_00120.png,masks/165_00120.png,collages/165_00120.jpg
364,images/165_00210.png,masks/165_00210.png,collages/165_00210.jpg
365,images/165_00240.png,masks/165_00240.png,collages/165_00240.jpg
366,images/166_00090.png,masks/166_00090.png,collages/166_00090.jpg
367,images/166_00120.png,masks/166_00120.png,collages/166_00120.jpg
368,images/166_00150.png,masks/166_00150.png,collages/166_00150.jpg
369,images/166_00210.png,masks/166_00210.png,collages/166_00210.jpg
370,images/166_00240.png,masks/166_00240.png,collages/166_00240.jpg
371,images/166_00270.png,masks/166_00270.png,collages/166_00270.jpg
372,images/166_00300.png,masks/166_00300.png,collages/166_00300.jpg
373,images/166_00330.png,masks/166_00330.png,collages/166_00330.jpg
374,images/166_00360.png,masks/166_00360.png,collages/166_00360.jpg
375,images/166_00390.png,masks/166_00390.png,collages/166_00390.jpg
376,images/166_00420.png,masks/166_00420.png,collages/166_00420.jpg
377,images/167_00030.png,masks/167_00030.png,collages/167_00030.jpg
378,images/167_00060.png,masks/167_00060.png,collages/167_00060.jpg
379,images/167_00090.png,masks/167_00090.png,collages/167_00090.jpg
380,images/167_00120.png,masks/167_00120.png,collages/167_00120.jpg
381,images/167_00150.png,masks/167_00150.png,collages/167_00150.jpg
382,images/167_00210.png,masks/167_00210.png,collages/167_00210.jpg
383,images/167_00240.png,masks/167_00240.png,collages/167_00240.jpg
384,images/167_00270.png,masks/167_00270.png,collages/167_00270.jpg
385,images/167_00300.png,masks/167_00300.png,collages/167_00300.jpg
386,images/167_00360.png,masks/167_00360.png,collages/167_00360.jpg
387,images/168_00030.png,masks/168_00030.png,collages/168_00030.jpg
388,images/168_00060.png,masks/168_00060.png,collages/168_00060.jpg
389,images/168_00090.png,masks/168_00090.png,collages/168_00090.jpg
390,images/168_00120.png,masks/168_00120.png,collages/168_00120.jpg
391,images/168_00150.png,masks/168_00150.png,collages/168_00150.jpg
392,images/168_00180.png,masks/168_00180.png,collages/168_00180.jpg
393,images/168_00210.png,masks/168_00210.png,collages/168_00210.jpg
394,images/168_00240.png,masks/168_00240.png,collages/168_00240.jpg
395,images/168_00270.png,masks/168_00270.png,collages/168_00270.jpg
396,images/168_00300.png,masks/168_00300.png,collages/168_00300.jpg
397,images/168_00330.png,masks/168_00330.png,collages/168_00330.jpg
398,images/168_00360.png,masks/168_00360.png,collages/168_00360.jpg
399,images/168_00390.png,masks/168_00390.png,collages/168_00390.jpg
400,images/168_00420.png,masks/168_00420.png,collages/168_00420.jpg
401,images/169_00030.png,masks/169_00030.png,collages/169_00030.jpg
402,images/169_00060.png,masks/169_00060.png,collages/169_00060.jpg
403,images/169_00090.png,masks/169_00090.png,collages/169_00090.jpg
404,images/169_00120.png,masks/169_00120.png,collages/169_00120.jpg
405,images/169_00150.png,masks/169_00150.png,collages/169_00150.jpg
406,images/169_00180.png,masks/169_00180.png,collages/169_00180.jpg
407,images/169_00240.png,masks/169_00240.png,collages/169_00240.jpg
408,images/169_00300.png,masks/169_00300.png,collages/169_00300.jpg
409,images/169_00330.png,masks/169_00330.png,collages/169_00330.jpg
410,images/169_00360.png,masks/169_00360.png,collages/169_00360.jpg
411,images/170_00180.png,masks/170_00180.png,collages/170_00180.jpg
412,images/170_00210.png,masks/170_00210.png,collages/170_00210.jpg
413,images/170_00240.png,masks/170_00240.png,collages/170_00240.jpg
414,images/170_00390.png,masks/170_00390.png,collages/170_00390.jpg
415,images/174_00150.png,masks/174_00150.png,collages/174_00150.jpg
416,images/174_00180.png,masks/174_00180.png,collages/174_00180.jpg
417,images/174_00240.png,masks/174_00240.png,collages/174_00240.jpg
418,images/175_00030.png,masks/175_00030.png,collages/175_00030.jpg
419,images/175_00060.png,masks/175_00060.png,collages/175_00060.jpg
420,images/175_00090.png,masks/175_00090.png,collages/175_00090.jpg
421,images/175_00150.png,masks/175_00150.png,collages/175_00150.jpg
422,images/175_00180.png,masks/175_00180.png,collages/175_00180.jpg
423,images/175_00420.png,masks/175_00420.png,collages/175_00420.jpg
424,images/177_00060.png,masks/177_00060.png,collages/177_00060.jpg
425,images/177_00090.png,masks/177_00090.png,collages/177_00090.jpg
426,images/177_00150.png,masks/177_00150.png,collages/177_00150.jpg
427,images/177_00180.png,masks/177_00180.png,collages/177_00180.jpg
428,images/177_00210.png,masks/177_00210.png,collages/177_00210.jpg
429,images/177_00240.png,masks/177_00240.png,collages/177_00240.jpg
430,images/177_00270.png,masks/177_00270.png,collages/177_00270.jpg
431,images/177_00300.png,masks/177_00300.png,collages/177_00300.jpg
432,images/177_00330.png,masks/177_00330.png,collages/177_00330.jpg
433,images/177_00360.png,masks/177_00360.png,collages/177_00360.jpg
434,images/177_00390.png,masks/177_00390.png,collages/177_00390.jpg
435,images/177_00420.png,masks/177_00420.png,collages/177_00420.jpg
436,images/177_00450.png,masks/177_00450.png,collages/177_00450.jpg
437,images/178_00030.png,masks/178_00030.png,collages/178_00030.jpg
438,images/178_00060.png,masks/178_00060.png,collages/178_00060.jpg
439,images/178_00090.png,masks/178_00090.png,collages/178_00090.jpg
440,images/178_00120.png,masks/178_00120.png,collages/178_00120.jpg
441,images/178_00150.png,masks/178_00150.png,collages/178_00150.jpg
442,images/178_00180.png,masks/178_00180.png,collages/178_00180.jpg
443,images/178_00210.png,masks/178_00210.png,collages/178_00210.jpg
444,images/178_00240.png,masks/178_00240.png,collages/178_00240.jpg
445,images/178_00270.png,masks/178_00270.png,collages/178_00270.jpg
446,images/178_00300.png,masks/178_00300.png,collages/178_00300.jpg
447,images/178_00330.png,masks/178_00330.png,collages/178_00330.jpg
448,images/178_00360.png,masks/178_00360.png,collages/178_00360.jpg
449,images/178_00390.png,masks/178_00390.png,collages/178_00390.jpg
450,images/178_00420.png,masks/178_00420.png,collages/178_00420.jpg
451,images/17_00120.png,masks/17_00120.png,collages/17_00120.jpg
452,images/17_00150.png,masks/17_00150.png,collages/17_00150.jpg
453,images/17_00180.png,masks/17_00180.png,collages/17_00180.jpg
454,images/17_00210.png,masks/17_00210.png,collages/17_00210.jpg
455,images/17_00240.png,masks/17_00240.png,collages/17_00240.jpg
456,images/17_00270.png,masks/17_00270.png,collages/17_00270.jpg
457,images/17_00300.png,masks/17_00300.png,collages/17_00300.jpg
458,images/17_00330.png,masks/17_00330.png,collages/17_00330.jpg
459,images/17_00390.png,masks/17_00390.png,collages/17_00390.jpg
460,images/17_00420.png,masks/17_00420.png,collages/17_00420.jpg
461,images/180_00030.png,masks/180_00030.png,collages/180_00030.jpg
462,images/180_00060.png,masks/180_00060.png,collages/180_00060.jpg
463,images/180_00090.png,masks/180_00090.png,collages/180_00090.jpg
464,images/180_00120.png,masks/180_00120.png,collages/180_00120.jpg
465,images/180_00150.png,masks/180_00150.png,collages/180_00150.jpg
466,images/180_00180.png,masks/180_00180.png,collages/180_00180.jpg
467,images/180_00210.png,masks/180_00210.png,collages/180_00210.jpg
468,images/180_00270.png,masks/180_00270.png,collages/180_00270.jpg
469,images/180_00300.png,masks/180_00300.png,collages/180_00300.jpg
470,images/180_00330.png,masks/180_00330.png,collages/180_00330.jpg
471,images/181_00330.png,masks/181_00330.png,collages/181_00330.jpg
472,images/182_00030.png,masks/182_00030.png,collages/182_00030.jpg
473,images/182_00270.png,masks/182_00270.png,collages/182_00270.jpg
474,images/186_00090.png,masks/186_00090.png,collages/186_00090.jpg
475,images/187_00090.png,masks/187_00090.png,collages/187_00090.jpg
476,images/187_00120.png,masks/187_00120.png,collages/187_00120.jpg
477,images/187_00150.png,masks/187_00150.png,collages/187_00150.jpg
478,images/187_00180.png,masks/187_00180.png,collages/187_00180.jpg
479,images/187_00210.png,masks/187_00210.png,collages/187_00210.jpg
480,images/187_00240.png,masks/187_00240.png,collages/187_00240.jpg
481,images/187_00270.png,masks/187_00270.png,collages/187_00270.jpg
482,images/187_00300.png,masks/187_00300.png,collages/187_00300.jpg
483,images/187_00330.png,masks/187_00330.png,collages/187_00330.jpg
484,images/187_00390.png,masks/187_00390.png,collages/187_00390.jpg
485,images/188_00030.png,masks/188_00030.png,collages/188_00030.jpg
486,images/188_00060.png,masks/188_00060.png,collages/188_00060.jpg
487,images/188_00090.png,masks/188_00090.png,collages/188_00090.jpg
488,images/188_00120.png,masks/188_00120.png,collages/188_00120.jpg
489,images/188_00150.png,masks/188_00150.png,collages/188_00150.jpg
490,images/188_00180.png,masks/188_00180.png,collages/188_00180.jpg
491,images/188_00210.png,masks/188_00210.png,collages/188_00210.jpg
492,images/188_00270.png,masks/188_00270.png,collages/188_00270.jpg
493,images/188_00360.png,masks/188_00360.png,collages/188_00360.jpg
494,images/188_00390.png,masks/188_00390.png,collages/188_00390.jpg
495,images/188_00420.png,masks/188_00420.png,collages/188_00420.jpg
496,images/191_00030.png,masks/191_00030.png,collages/191_00030.jpg
497,images/191_00060.png,masks/191_00060.png,collages/191_00060.jpg
498,images/191_00090.png,masks/191_00090.png,collages/191_00090.jpg
499,images/191_00120.png,masks/191_00120.png,collages/191_00120.jpg
500,images/191_00150.png,masks/191_00150.png,collages/191_00150.jpg
501,images/191_00180.png,masks/191_00180.png,collages/191_00180.jpg
502,images/191_00210.png,masks/191_00210.png,collages/191_00210.jpg
503,images/191_00240.png,masks/191_00240.png,collages/191_00240.jpg
504,images/191_00270.png,masks/191_00270.png,collages/191_00270.jpg
505,images/192_00030.png,masks/192_00030.png,collages/192_00030.jpg
506,images/192_00090.png,masks/192_00090.png,collages/192_00090.jpg
507,images/192_00180.png,masks/192_00180.png,collages/192_00180.jpg
508,images/192_00210.png,masks/192_00210.png,collages/192_00210.jpg
509,images/192_00300.png,masks/192_00300.png,collages/192_00300.jpg
510,images/192_00330.png,masks/192_00330.png,collages/192_00330.jpg
511,images/193_00090.png,masks/193_00090.png,collages/193_00090.jpg
512,images/193_00120.png,masks/193_00120.png,collages/193_00120.jpg
513,images/195_00090.png,masks/195_00090.png,collages/195_00090.jpg
514,images/195_00120.png,masks/195_00120.png,collages/195_00120.jpg
515,images/195_00150.png,masks/195_00150.png,collages/195_00150.jpg
516,images/195_00180.png,masks/195_00180.png,collages/195_00180.jpg
517,images/195_00210.png,masks/195_00210.png,collages/195_00210.jpg
518,images/195_00240.png,masks/195_00240.png,collages/195_00240.jpg
519,images/195_00360.png,masks/195_00360.png,collages/195_00360.jpg
520,images/195_00390.png,masks/195_00390.png,collages/195_00390.jpg
521,images/195_00420.png,masks/195_00420.png,collages/195_00420.jpg
522,images/197_00030.png,masks/197_00030.png,collages/197_00030.jpg
523,images/197_00060.png,masks/197_00060.png,collages/197_00060.jpg
524,images/197_00090.png,masks/197_00090.png,collages/197_00090.jpg
525,images/197_00150.png,masks/197_00150.png,collages/197_00150.jpg
526,images/197_00210.png,masks/197_00210.png,collages/197_00210.jpg
527,images/197_00240.png,masks/197_00240.png,collages/197_00240.jpg
528,images/197_00270.png,masks/197_00270.png,collages/197_00270.jpg
529,images/197_00300.png,masks/197_00300.png,collages/197_00300.jpg
530,images/197_00330.png,masks/197_00330.png,collages/197_00330.jpg
531,images/197_00360.png,masks/197_00360.png,collages/197_00360.jpg
532,images/197_00390.png,masks/197_00390.png,collages/197_00390.jpg
533,images/197_00420.png,masks/197_00420.png,collages/197_00420.jpg
534,images/19_00030.png,masks/19_00030.png,collages/19_00030.jpg
535,images/19_00060.png,masks/19_00060.png,collages/19_00060.jpg
536,images/19_00090.png,masks/19_00090.png,collages/19_00090.jpg
537,images/19_00120.png,masks/19_00120.png,collages/19_00120.jpg
538,images/19_00150.png,masks/19_00150.png,collages/19_00150.jpg
539,images/19_00210.png,masks/19_00210.png,collages/19_00210.jpg
540,images/19_00300.png,masks/19_00300.png,collages/19_00300.jpg
541,images/19_00330.png,masks/19_00330.png,collages/19_00330.jpg
542,images/19_00360.png,masks/19_00360.png,collages/19_00360.jpg
543,images/19_00390.png,masks/19_00390.png,collages/19_00390.jpg
544,images/19_00420.png,masks/19_00420.png,collages/19_00420.jpg
545,images/1_00030.png,masks/1_00030.png,collages/1_00030.jpg
546,images/1_00150.png,masks/1_00150.png,collages/1_00150.jpg
547,images/1_00240.png,masks/1_00240.png,collages/1_00240.jpg
548,images/200_00120.png,masks/200_00120.png,collages/200_00120.jpg
549,images/200_00150.png,masks/200_00150.png,collages/200_00150.jpg
550,images/200_00180.png,masks/200_00180.png,collages/200_00180.jpg
551,images/200_00210.png,masks/200_00210.png,collages/200_00210.jpg
552,images/200_00270.png,masks/200_00270.png,collages/200_00270.jpg
553,images/202_00030.png,masks/202_00030.png,collages/202_00030.jpg
554,images/202_00060.png,masks/202_00060.png,collages/202_00060.jpg
555,images/202_00090.png,masks/202_00090.png,collages/202_00090.jpg
556,images/202_00120.png,masks/202_00120.png,collages/202_00120.jpg
557,images/202_00150.png,masks/202_00150.png,collages/202_00150.jpg
558,images/202_00180.png,masks/202_00180.png,collages/202_00180.jpg
559,images/202_00210.png,masks/202_00210.png,collages/202_00210.jpg
560,images/202_00240.png,masks/202_00240.png,collages/202_00240.jpg
561,images/202_00270.png,masks/202_00270.png,collages/202_00270.jpg
562,images/202_00300.png,masks/202_00300.png,collages/202_00300.jpg
563,images/202_00330.png,masks/202_00330.png,collages/202_00330.jpg
564,images/202_00390.png,masks/202_00390.png,collages/202_00390.jpg
565,images/203_00060.png,masks/203_00060.png,collages/203_00060.jpg
566,images/203_00090.png,masks/203_00090.png,collages/203_00090.jpg
567,images/203_00150.png,masks/203_00150.png,collages/203_00150.jpg
568,images/203_00180.png,masks/203_00180.png,collages/203_00180.jpg
569,images/203_00210.png,masks/203_00210.png,collages/203_00210.jpg
570,images/203_00240.png,masks/203_00240.png,collages/203_00240.jpg
571,images/203_00270.png,masks/203_00270.png,collages/203_00270.jpg
572,images/203_00300.png,masks/203_00300.png,collages/203_00300.jpg
573,images/203_00330.png,masks/203_00330.png,collages/203_00330.jpg
574,images/203_00360.png,masks/203_00360.png,collages/203_00360.jpg
575,images/203_00390.png,masks/203_00390.png,collages/203_00390.jpg
576,images/203_00420.png,masks/203_00420.png,collages/203_00420.jpg
577,images/205_00060.png,masks/205_00060.png,collages/205_00060.jpg
578,images/205_00090.png,masks/205_00090.png,collages/205_00090.jpg
579,images/205_00120.png,masks/205_00120.png,collages/205_00120.jpg
580,images/206_00060.png,masks/206_00060.png,collages/206_00060.jpg
581,images/206_00090.png,masks/206_00090.png,collages/206_00090.jpg
582,images/206_00120.png,masks/206_00120.png,collages/206_00120.jpg
583,images/206_00210.png,masks/206_00210.png,collages/206_00210.jpg
584,images/206_00270.png,masks/206_00270.png,collages/206_00270.jpg
585,images/206_00300.png,masks/206_00300.png,collages/206_00300.jpg
586,images/208_00030.png,masks/208_00030.png,collages/208_00030.jpg
587,images/208_00060.png,masks/208_00060.png,collages/208_00060.jpg
588,images/208_00090.png,masks/208_00090.png,collages/208_00090.jpg
589,images/208_00120.png,masks/208_00120.png,collages/208_00120.jpg
590,images/208_00150.png,masks/208_00150.png,collages/208_00150.jpg
591,images/208_00180.png,masks/208_00180.png,collages/208_00180.jpg
592,images/208_00210.png,masks/208_00210.png,collages/208_00210.jpg
593,images/208_00240.png,masks/208_00240.png,collages/208_00240.jpg
594,images/208_00270.png,masks/208_00270.png,collages/208_00270.jpg
595,images/208_00300.png,masks/208_00300.png,collages/208_00300.jpg
596,images/208_00330.png,masks/208_00330.png,collages/208_00330.jpg
597,images/208_00390.png,masks/208_00390.png,collages/208_00390.jpg
598,images/208_00420.png,masks/208_00420.png,collages/208_00420.jpg
599,images/209_00030.png,masks/209_00030.png,collages/209_00030.jpg
600,images/209_00090.png,masks/209_00090.png,collages/209_00090.jpg
601,images/209_00120.png,masks/209_00120.png,collages/209_00120.jpg
602,images/209_00150.png,masks/209_00150.png,collages/209_00150.jpg
603,images/209_00180.png,masks/209_00180.png,collages/209_00180.jpg
604,images/209_00210.png,masks/209_00210.png,collages/209_00210.jpg
605,images/209_00240.png,masks/209_00240.png,collages/209_00240.jpg
606,images/209_00270.png,masks/209_00270.png,collages/209_00270.jpg
607,images/209_00300.png,masks/209_00300.png,collages/209_00300.jpg
608,images/209_00330.png,masks/209_00330.png,collages/209_00330.jpg
609,images/209_00360.png,masks/209_00360.png,collages/209_00360.jpg
610,images/209_00390.png,masks/209_00390.png,collages/209_00390.jpg
611,images/209_00420.png,masks/209_00420.png,collages/209_00420.jpg
612,images/209_00450.png,masks/209_00450.png,collages/209_00450.jpg
613,images/20_00030.png,masks/20_00030.png,collages/20_00030.jpg
614,images/20_00060.png,masks/20_00060.png,collages/20_00060.jpg
615,images/20_00090.png,masks/20_00090.png,collages/20_00090.jpg
616,images/20_00120.png,masks/20_00120.png,collages/20_00120.jpg
617,images/20_00150.png,masks/20_00150.png,collages/20_00150.jpg
618,images/20_00180.png,masks/20_00180.png,collages/20_00180.jpg
619,images/20_00210.png,masks/20_00210.png,collages/20_00210.jpg
620,images/20_00360.png,masks/20_00360.png,collages/20_00360.jpg
621,images/20_00390.png,masks/20_00390.png,collages/20_00390.jpg
622,images/20_00420.png,masks/20_00420.png,collages/20_00420.jpg
623,images/210_00060.png,masks/210_00060.png,collages/210_00060.jpg
624,images/212_00030.png,masks/212_00030.png,collages/212_00030.jpg
625,images/212_00180.png,masks/212_00180.png,collages/212_00180.jpg
626,images/212_00210.png,masks/212_00210.png,collages/212_00210.jpg
627,images/213_00120.png,masks/213_00120.png,collages/213_00120.jpg
628,images/213_00150.png,masks/213_00150.png,collages/213_00150.jpg
629,images/213_00180.png,masks/213_00180.png,collages/213_00180.jpg
630,images/213_00210.png,masks/213_00210.png,collages/213_00210.jpg
631,images/213_00240.png,masks/213_00240.png,collages/213_00240.jpg
632,images/213_00300.png,masks/213_00300.png,collages/213_00300.jpg
633,images/214_00120.png,masks/214_00120.png,collages/214_00120.jpg
634,images/214_00210.png,masks/214_00210.png,collages/214_00210.jpg
635,images/214_00240.png,masks/214_00240.png,collages/214_00240.jpg
636,images/214_00270.png,masks/214_00270.png,collages/214_00270.jpg
637,images/214_00360.png,masks/214_00360.png,collages/214_00360.jpg
638,images/215_00030.png,masks/215_00030.png,collages/215_00030.jpg
639,images/215_00060.png,masks/215_00060.png,collages/215_00060.jpg
640,images/215_00090.png,masks/215_00090.png,collages/215_00090.jpg
641,images/215_00120.png,masks/215_00120.png,collages/215_00120.jpg
642,images/215_00150.png,masks/215_00150.png,collages/215_00150.jpg
643,images/215_00180.png,masks/215_00180.png,collages/215_00180.jpg
644,images/215_00210.png,masks/215_00210.png,collages/215_00210.jpg
645,images/215_00240.png,masks/215_00240.png,collages/215_00240.jpg
646,images/215_00330.png,masks/215_00330.png,collages/215_00330.jpg
647,images/215_00360.png,masks/215_00360.png,collages/215_00360.jpg
648,images/215_00390.png,masks/215_00390.png,collages/215_00390.jpg
649,images/215_00420.png,masks/215_00420.png,collages/215_00420.jpg
650,images/216_00030.png,masks/216_00030.png,collages/216_00030.jpg
651,images/216_00060.png,masks/216_00060.png,collages/216_00060.jpg
652,images/216_00150.png,masks/216_00150.png,collages/216_00150.jpg
653,images/216_00180.png,masks/216_00180.png,collages/216_00180.jpg
654,images/216_00270.png,masks/216_00270.png,collages/216_00270.jpg
655,images/216_00360.png,masks/216_00360.png,collages/216_00360.jpg
656,images/216_00390.png,masks/216_00390.png,collages/216_00390.jpg
657,images/216_00480.png,masks/216_00480.png,collages/216_00480.jpg
658,images/217_00030.png,masks/217_00030.png,collages/217_00030.jpg
659,images/217_00060.png,masks/217_00060.png,collages/217_00060.jpg
660,images/217_00090.png,masks/217_00090.png,collages/217_00090.jpg
661,images/217_00120.png,masks/217_00120.png,collages/217_00120.jpg
662,images/217_00150.png,masks/217_00150.png,collages/217_00150.jpg
663,images/217_00210.png,masks/217_00210.png,collages/217_00210.jpg
664,images/217_00240.png,masks/217_00240.png,collages/217_00240.jpg
665,images/217_00270.png,masks/217_00270.png,collages/217_00270.jpg
666,images/217_00300.png,masks/217_00300.png,collages/217_00300.jpg
667,images/218_00120.png,masks/218_00120.png,collages/218_00120.jpg
668,images/218_00150.png,masks/218_00150.png,collages/218_00150.jpg
669,images/218_00180.png,masks/218_00180.png,collages/218_00180.jpg
670,images/218_00300.png,masks/218_00300.png,collages/218_00300.jpg
671,images/221_00090.png,masks/221_00090.png,collages/221_00090.jpg
672,images/221_00210.png,masks/221_00210.png,collages/221_00210.jpg
673,images/221_00300.png,masks/221_00300.png,collages/221_00300.jpg
674,images/221_00420.png,masks/221_00420.png,collages/221_00420.jpg
675,images/223_00180.png,masks/223_00180.png,collages/223_00180.jpg
676,images/223_00240.png,masks/223_00240.png,collages/223_00240.jpg
677,images/223_00270.png,masks/223_00270.png,collages/223_00270.jpg
678,images/223_00300.png,masks/223_00300.png,collages/223_00300.jpg
679,images/223_00330.png,masks/223_00330.png,collages/223_00330.jpg
680,images/225_00060.png,masks/225_00060.png,collages/225_00060.jpg
681,images/225_00240.png,masks/225_00240.png,collages/225_00240.jpg
682,images/225_00270.png,masks/225_00270.png,collages/225_00270.jpg
683,images/225_00330.png,masks/225_00330.png,collages/225_00330.jpg
684,images/225_00390.png,masks/225_00390.png,collages/225_00390.jpg
685,images/226_00030.png,masks/226_00030.png,collages/226_00030.jpg
686,images/226_00060.png,masks/226_00060.png,collages/226_00060.jpg
687,images/226_00090.png,masks/226_00090.png,collages/226_00090.jpg
688,images/226_00120.png,masks/226_00120.png,collages/226_00120.jpg
689,images/226_00150.png,masks/226_00150.png,collages/226_00150.jpg
690,images/226_00180.png,masks/226_00180.png,collages/226_00180.jpg
691,images/226_00210.png,masks/226_00210.png,collages/226_00210.jpg
692,images/226_00240.png,masks/226_00240.png,collages/226_00240.jpg
693,images/226_00270.png,masks/226_00270.png,collages/226_00270.jpg
694,images/226_00300.png,masks/226_00300.png,collages/226_00300.jpg
695,images/226_00330.png,masks/226_00330.png,collages/226_00330.jpg
696,images/226_00360.png,masks/226_00360.png,collages/226_00360.jpg
697,images/226_00390.png,masks/226_00390.png,collages/226_00390.jpg
698,images/226_00420.png,masks/226_00420.png,collages/226_00420.jpg
699,images/227_00120.png,masks/227_00120.png,collages/227_00120.jpg
700,images/227_00150.png,masks/227_00150.png,collages/227_00150.jpg
701,images/229_00030.png,masks/229_00030.png,collages/229_00030.jpg
702,images/229_00060.png,masks/229_00060.png,collages/229_00060.jpg
703,images/229_00090.png,masks/229_00090.png,collages/229_00090.jpg
704,images/229_00180.png,masks/229_00180.png,collages/229_00180.jpg
705,images/229_00300.png,masks/229_00300.png,collages/229_00300.jpg
706,images/229_00330.png,masks/229_00330.png,collages/229_00330.jpg
707,images/229_00360.png,masks/229_00360.png,collages/229_00360.jpg
708,images/230_00030.png,masks/230_00030.png,collages/230_00030.jpg
709,images/230_00120.png,masks/230_00120.png,collages/230_00120.jpg
710,images/230_00240.png,masks/230_00240.png,collages/230_00240.jpg
711,images/232_00060.png,masks/232_00060.png,collages/232_00060.jpg
712,images/232_00090.png,masks/232_00090.png,collages/232_00090.jpg
713,images/232_00270.png,masks/232_00270.png,collages/232_00270.jpg
714,images/232_00300.png,masks/232_00300.png,collages/232_00300.jpg
715,images/233_00030.png,masks/233_00030.png,collages/233_00030.jpg
716,images/233_00060.png,masks/233_00060.png,collages/233_00060.jpg
717,images/233_00090.png,masks/233_00090.png,collages/233_00090.jpg
718,images/233_00120.png,masks/233_00120.png,collages/233_00120.jpg
719,images/233_00150.png,masks/233_00150.png,collages/233_00150.jpg
720,images/233_00210.png,masks/233_00210.png,collages/233_00210.jpg
721,images/233_00240.png,masks/233_00240.png,collages/233_00240.jpg
722,images/233_00270.png,masks/233_00270.png,collages/233_00270.jpg
723,images/233_00300.png,masks/233_00300.png,collages/233_00300.jpg
724,images/233_00330.png,masks/233_00330.png,collages/233_00330.jpg
725,images/234_00030.png,masks/234_00030.png,collages/234_00030.jpg
726,images/234_00060.png,masks/234_00060.png,collages/234_00060.jpg
727,images/234_00090.png,masks/234_00090.png,collages/234_00090.jpg
728,images/234_00120.png,masks/234_00120.png,collages/234_00120.jpg
729,images/234_00240.png,masks/234_00240.png,collages/234_00240.jpg
730,images/235_00030.png,masks/235_00030.png,collages/235_00030.jpg
731,images/235_00060.png,masks/235_00060.png,collages/235_00060.jpg
732,images/235_00090.png,masks/235_00090.png,collages/235_00090.jpg
733,images/235_00120.png,masks/235_00120.png,collages/235_00120.jpg
734,images/235_00150.png,masks/235_00150.png,collages/235_00150.jpg
735,images/235_00180.png,masks/235_00180.png,collages/235_00180.jpg
736,images/235_00210.png,masks/235_00210.png,collages/235_00210.jpg
737,images/235_00240.png,masks/235_00240.png,collages/235_00240.jpg
738,images/235_00270.png,masks/235_00270.png,collages/235_00270.jpg
739,images/235_00300.png,masks/235_00300.png,collages/235_00300.jpg
740,images/239_00030.png,masks/239_00030.png,collages/239_00030.jpg
741,images/239_00120.png,masks/239_00120.png,collages/239_00120.jpg
742,images/239_00150.png,masks/239_00150.png,collages/239_00150.jpg
743,images/239_00180.png,masks/239_00180.png,collages/239_00180.jpg
744,images/239_00360.png,masks/239_00360.png,collages/239_00360.jpg
745,images/239_00390.png,masks/239_00390.png,collages/239_00390.jpg
746,images/242_00030.png,masks/242_00030.png,collages/242_00030.jpg
747,images/242_00060.png,masks/242_00060.png,collages/242_00060.jpg
748,images/242_00090.png,masks/242_00090.png,collages/242_00090.jpg
749,images/242_00120.png,masks/242_00120.png,collages/242_00120.jpg
750,images/242_00150.png,masks/242_00150.png,collages/242_00150.jpg
751,images/242_00180.png,masks/242_00180.png,collages/242_00180.jpg
752,images/242_00210.png,masks/242_00210.png,collages/242_00210.jpg
753,images/242_00240.png,masks/242_00240.png,collages/242_00240.jpg
754,images/242_00270.png,masks/242_00270.png,collages/242_00270.jpg
755,images/242_00300.png,masks/242_00300.png,collages/242_00300.jpg
756,images/242_00330.png,masks/242_00330.png,collages/242_00330.jpg
757,images/242_00360.png,masks/242_00360.png,collages/242_00360.jpg
758,images/242_00420.png,masks/242_00420.png,collages/242_00420.jpg
759,images/242_00450.png,masks/242_00450.png,collages/242_00450.jpg
760,images/242_00480.png,masks/242_00480.png,collages/242_00480.jpg
761,images/242_00510.png,masks/242_00510.png,collages/242_00510.jpg
762,images/242_00540.png,masks/242_00540.png,collages/242_00540.jpg
763,images/242_00570.png,masks/242_00570.png,collages/242_00570.jpg
764,images/242_00600.png,masks/242_00600.png,collages/242_00600.jpg
765,images/242_00630.png,masks/242_00630.png,collages/242_00630.jpg
766,images/242_00660.png,masks/242_00660.png,collages/242_00660.jpg
767,images/242_00720.png,masks/242_00720.png,collages/242_00720.jpg
768,images/242_00750.png,masks/242_00750.png,collages/242_00750.jpg
769,images/242_00780.png,masks/242_00780.png,collages/242_00780.jpg
770,images/242_00870.png,masks/242_00870.png,collages/242_00870.jpg
771,images/244_00030.png,masks/244_00030.png,collages/244_00030.jpg
772,images/244_00060.png,masks/244_00060.png,collages/244_00060.jpg
773,images/244_00090.png,masks/244_00090.png,collages/244_00090.jpg
774,images/244_00120.png,masks/244_00120.png,collages/244_00120.jpg
775,images/244_00150.png,masks/244_00150.png,collages/244_00150.jpg
776,images/244_00180.png,masks/244_00180.png,collages/244_00180.jpg
777,images/244_00210.png,masks/244_00210.png,collages/244_00210.jpg
778,images/244_00240.png,masks/244_00240.png,collages/244_00240.jpg
779,images/244_00270.png,masks/244_00270.png,collages/244_00270.jpg
780,images/244_00300.png,masks/244_00300.png,collages/244_00300.jpg
781,images/244_00330.png,masks/244_00330.png,collages/244_00330.jpg
782,images/244_00360.png,masks/244_00360.png,collages/244_00360.jpg
783,images/244_00390.png,masks/244_00390.png,collages/244_00390.jpg
784,images/244_00420.png,masks/244_00420.png,collages/244_00420.jpg
785,images/245_00030.png,masks/245_00030.png,collages/245_00030.jpg
786,images/245_00270.png,masks/245_00270.png,collages/245_00270.jpg
787,images/246_00120.png,masks/246_00120.png,collages/246_00120.jpg
788,images/246_00270.png,masks/246_00270.png,collages/246_00270.jpg
789,images/246_00300.png,masks/246_00300.png,collages/246_00300.jpg
790,images/247_00120.png,masks/247_00120.png,collages/247_00120.jpg
791,images/247_00150.png,masks/247_00150.png,collages/247_00150.jpg
792,images/248_00270.png,masks/248_00270.png,collages/248_00270.jpg
793,images/249_00030.png,masks/249_00030.png,collages/249_00030.jpg
794,images/249_00060.png,masks/249_00060.png,collages/249_00060.jpg
795,images/249_00150.png,masks/249_00150.png,collages/249_00150.jpg
796,images/249_00270.png,masks/249_00270.png,collages/249_00270.jpg
797,images/249_00300.png,masks/249_00300.png,collages/249_00300.jpg
798,images/249_00330.png,masks/249_00330.png,collages/249_00330.jpg
799,images/249_00360.png,masks/249_00360.png,collages/249_00360.jpg
800,images/24_00030.png,masks/24_00030.png,collages/24_00030.jpg
801,images/24_00060.png,masks/24_00060.png,collages/24_00060.jpg
802,images/24_00090.png,masks/24_00090.png,collages/24_00090.jpg
803,images/24_00120.png,masks/24_00120.png,collages/24_00120.jpg
804,images/24_00150.png,masks/24_00150.png,collages/24_00150.jpg
805,images/24_00270.png,masks/24_00270.png,collages/24_00270.jpg
806,images/24_00360.png,masks/24_00360.png,collages/24_00360.jpg
807,images/250_00030.png,masks/250_00030.png,collages/250_00030.jpg
808,images/253_00030.png,masks/253_00030.png,collages/253_00030.jpg
809,images/253_00390.png,masks/253_00390.png,collages/253_00390.jpg
810,images/254_00090.png,masks/254_00090.png,collages/254_00090.jpg
811,images/257_00030.png,masks/257_00030.png,collages/257_00030.jpg
812,images/257_00090.png,masks/257_00090.png,collages/257_00090.jpg
813,images/257_00120.png,masks/257_00120.png,collages/257_00120.jpg
814,images/257_00150.png,masks/257_00150.png,collages/257_00150.jpg
815,images/257_00180.png,masks/257_00180.png,collages/257_00180.jpg
816,images/257_00210.png,masks/257_00210.png,collages/257_00210.jpg
817,images/257_00420.png,masks/257_00420.png,collages/257_00420.jpg
818,images/259_00030.png,masks/259_00030.png,collages/259_00030.jpg
819,images/259_00120.png,masks/259_00120.png,collages/259_00120.jpg
820,images/259_00270.png,masks/259_00270.png,collages/259_00270.jpg
821,images/260_00090.png,masks/260_00090.png,collages/260_00090.jpg
822,images/260_00120.png,masks/260_00120.png,collages/260_00120.jpg
823,images/260_00150.png,masks/260_00150.png,collages/260_00150.jpg
824,images/260_00210.png,masks/260_00210.png,collages/260_00210.jpg
825,images/260_00240.png,masks/260_00240.png,collages/260_00240.jpg
826,images/260_00270.png,masks/260_00270.png,collages/260_00270.jpg
827,images/260_00300.png,masks/260_00300.png,collages/260_00300.jpg
828,images/260_00360.png,masks/260_00360.png,collages/260_00360.jpg
829,images/263_00030.png,masks/263_00030.png,collages/263_00030.jpg
830,images/263_00060.png,masks/263_00060.png,collages/263_00060.jpg
831,images/263_00090.png,masks/263_00090.png,collages/263_00090.jpg
832,images/263_00120.png,masks/263_00120.png,collages/263_00120.jpg
833,images/263_00150.png,masks/263_00150.png,collages/263_00150.jpg
834,images/263_00180.png,masks/263_00180.png,collages/263_00180.jpg
835,images/263_00330.png,masks/263_00330.png,collages/263_00330.jpg
836,images/263_00390.png,masks/263_00390.png,collages/263_00390.jpg
837,images/264_00030.png,masks/264_00030.png,collages/264_00030.jpg
838,images/264_00060.png,masks/264_00060.png,collages/264_00060.jpg
839,images/264_00120.png,masks/264_00120.png,collages/264_00120.jpg
840,images/264_00180.png,masks/264_00180.png,collages/264_00180.jpg
841,images/264_00210.png,masks/264_00210.png,collages/264_00210.jpg
842,images/264_00330.png,masks/264_00330.png,collages/264_00330.jpg
843,images/265_00030.png,masks/265_00030.png,collages/265_00030.jpg
844,images/265_00060.png,masks/265_00060.png,collages/265_00060.jpg
845,images/265_00090.png,masks/265_00090.png,collages/265_00090.jpg
846,images/265_00150.png,masks/265_00150.png,collages/265_00150.jpg
847,images/265_00180.png,masks/265_00180.png,collages/265_00180.jpg
848,images/265_00270.png,masks/265_00270.png,collages/265_00270.jpg
849,images/265_00450.png,masks/265_00450.png,collages/265_00450.jpg
850,images/267_00030.png,masks/267_00030.png,collages/267_00030.jpg
851,images/267_00060.png,masks/267_00060.png,collages/267_00060.jpg
852,images/267_00210.png,masks/267_00210.png,collages/267_00210.jpg
853,images/267_00240.png,masks/267_00240.png,collages/267_00240.jpg
854,images/267_00270.png,masks/267_00270.png,collages/267_00270.jpg
855,images/267_00300.png,masks/267_00300.png,collages/267_00300.jpg
856,images/267_00360.png,masks/267_00360.png,collages/267_00360.jpg
857,images/267_00420.png,masks/267_00420.png,collages/267_00420.jpg
858,images/268_00360.png,masks/268_00360.png,collages/268_00360.jpg
859,images/270_00060.png,masks/270_00060.png,collages/270_00060.jpg
860,images/270_00120.png,masks/270_00120.png,collages/270_00120.jpg
861,images/270_00180.png,masks/270_00180.png,collages/270_00180.jpg
862,images/270_00210.png,masks/270_00210.png,collages/270_00210.jpg
863,images/270_00420.png,masks/270_00420.png,collages/270_00420.jpg
864,images/27_00030.png,masks/27_00030.png,collages/27_00030.jpg
865,images/27_00120.png,masks/27_00120.png,collages/27_00120.jpg
866,images/27_00150.png,masks/27_00150.png,collages/27_00150.jpg
867,images/27_00330.png,masks/27_00330.png,collages/27_00330.jpg
868,images/281_00060.png,masks/281_00060.png,collages/281_00060.jpg
869,images/281_00120.png,masks/281_00120.png,collages/281_00120.jpg
870,images/281_00150.png,masks/281_00150.png,collages/281_00150.jpg
871,images/281_00180.png,masks/281_00180.png,collages/281_00180.jpg
872,images/281_00210.png,masks/281_00210.png,collages/281_00210.jpg
873,images/281_00360.png,masks/281_00360.png,collages/281_00360.jpg
874,images/281_00420.png,masks/281_00420.png,collages/281_00420.jpg
875,images/284_00270.png,masks/284_00270.png,collages/284_00270.jpg
876,images/284_00450.png,masks/284_00450.png,collages/284_00450.jpg
877,images/284_00510.png,masks/284_00510.png,collages/284_00510.jpg
878,images/287_00030.png,masks/287_00030.png,collages/287_00030.jpg
879,images/287_00060.png,masks/287_00060.png,collages/287_00060.jpg
880,images/287_00090.png,masks/287_00090.png,collages/287_00090.jpg
881,images/287_00120.png,masks/287_00120.png,collages/287_00120.jpg
882,images/287_00150.png,masks/287_00150.png,collages/287_00150.jpg
883,images/287_00210.png,masks/287_00210.png,collages/287_00210.jpg
884,images/287_00270.png,masks/287_00270.png,collages/287_00270.jpg
885,images/289_00120.png,masks/289_00120.png,collages/289_00120.jpg
886,images/289_00150.png,masks/289_00150.png,collages/289_00150.jpg
887,images/289_00180.png,masks/289_00180.png,collages/289_00180.jpg
888,images/289_00240.png,masks/289_00240.png,collages/289_00240.jpg
889,images/289_00270.png,masks/289_00270.png,collages/289_00270.jpg
890,images/289_00330.png,masks/289_00330.png,collages/289_00330.jpg
891,images/289_00390.png,masks/289_00390.png,collages/289_00390.jpg
892,images/289_00420.png,masks/289_00420.png,collages/289_00420.jpg
893,images/28_00030.png,masks/28_00030.png,collages/28_00030.jpg
894,images/28_00060.png,masks/28_00060.png,collages/28_00060.jpg
895,images/28_00090.png,masks/28_00090.png,collages/28_00090.jpg
896,images/28_00120.png,masks/28_00120.png,collages/28_00120.jpg
897,images/28_00150.png,masks/28_00150.png,collages/28_00150.jpg
898,images/28_00210.png,masks/28_00210.png,collages/28_00210.jpg
899,images/28_00300.png,masks/28_00300.png,collages/28_00300.jpg
900,images/28_00330.png,masks/28_00330.png,collages/28_00330.jpg
901,images/292_00030.png,masks/292_00030.png,collages/292_00030.jpg
902,images/292_00060.png,masks/292_00060.png,collages/292_00060.jpg
903,images/292_00150.png,masks/292_00150.png,collages/292_00150.jpg
904,images/292_00240.png,masks/292_00240.png,collages/292_00240.jpg
905,images/295_00090.png,masks/295_00090.png,collages/295_00090.jpg
906,images/295_00120.png,masks/295_00120.png,collages/295_00120.jpg
907,images/295_00150.png,masks/295_00150.png,collages/295_00150.jpg
908,images/295_00180.png,masks/295_00180.png,collages/295_00180.jpg
909,images/295_00210.png,masks/295_00210.png,collages/295_00210.jpg
910,images/296_00030.png,masks/296_00030.png,collages/296_00030.jpg
911,images/298_00090.png,masks/298_00090.png,collages/298_00090.jpg
912,images/298_00120.png,masks/298_00120.png,collages/298_00120.jpg
913,images/298_00150.png,masks/298_00150.png,collages/298_00150.jpg
914,images/298_00180.png,masks/298_00180.png,collages/298_00180.jpg
915,images/298_00240.png,masks/298_00240.png,collages/298_00240.jpg
916,images/298_00270.png,masks/298_00270.png,collages/298_00270.jpg
917,images/298_00300.png,masks/298_00300.png,collages/298_00300.jpg
918,images/298_00330.png,masks/298_00330.png,collages/298_00330.jpg
919,images/298_00360.png,masks/298_00360.png,collages/298_00360.jpg
920,images/298_00390.png,masks/298_00390.png,collages/298_00390.jpg
921,images/298_00420.png,masks/298_00420.png,collages/298_00420.jpg
922,images/298_00450.png,masks/298_00450.png,collages/298_00450.jpg
923,images/299_00120.png,masks/299_00120.png,collages/299_00120.jpg
924,images/299_00150.png,masks/299_00150.png,collages/299_00150.jpg
925,images/299_00240.png,masks/299_00240.png,collages/299_00240.jpg
926,images/299_00420.png,masks/299_00420.png,collages/299_00420.jpg
927,images/29_00060.png,masks/29_00060.png,collages/29_00060.jpg
928,images/29_00090.png,masks/29_00090.png,collages/29_00090.jpg
929,images/29_00120.png,masks/29_00120.png,collages/29_00120.jpg
930,images/29_00180.png,masks/29_00180.png,collages/29_00180.jpg
931,images/29_00210.png,masks/29_00210.png,collages/29_00210.jpg
932,images/29_00240.png,masks/29_00240.png,collages/29_00240.jpg
933,images/29_00300.png,masks/29_00300.png,collages/29_00300.jpg
934,images/29_00330.png,masks/29_00330.png,collages/29_00330.jpg
935,images/29_00420.png,masks/29_00420.png,collages/29_00420.jpg
936,images/29_00450.png,masks/29_00450.png,collages/29_00450.jpg
937,images/2_00120.png,masks/2_00120.png,collages/2_00120.jpg
938,images/2_00330.png,masks/2_00330.png,collages/2_00330.jpg
939,images/300_00060.png,masks/300_00060.png,collages/300_00060.jpg
940,images/300_00120.png,masks/300_00120.png,collages/300_00120.jpg
941,images/301_00030.png,masks/301_00030.png,collages/301_00030.jpg
942,images/301_00060.png,masks/301_00060.png,collages/301_00060.jpg
943,images/301_00090.png,masks/301_00090.png,collages/301_00090.jpg
944,images/301_00210.png,masks/301_00210.png,collages/301_00210.jpg
945,images/301_00420.png,masks/301_00420.png,collages/301_00420.jpg
946,images/302_00060.png,masks/302_00060.png,collages/302_00060.jpg
947,images/302_00090.png,masks/302_00090.png,collages/302_00090.jpg
948,images/302_00150.png,masks/302_00150.png,collages/302_00150.jpg
949,images/302_00180.png,masks/302_00180.png,collages/302_00180.jpg
950,images/302_00270.png,masks/302_00270.png,collages/302_00270.jpg
951,images/302_00300.png,masks/302_00300.png,collages/302_00300.jpg
952,images/302_00330.png,masks/302_00330.png,collages/302_00330.jpg
953,images/302_00390.png,masks/302_00390.png,collages/302_00390.jpg
954,images/302_00420.png,masks/302_00420.png,collages/302_00420.jpg
955,images/305_00030.png,masks/305_00030.png,collages/305_00030.jpg
956,images/305_00060.png,masks/305_00060.png,collages/305_00060.jpg
957,images/305_00090.png,masks/305_00090.png,collages/305_00090.jpg
958,images/305_00120.png,masks/305_00120.png,collages/305_00120.jpg
959,images/305_00300.png,masks/305_00300.png,collages/305_00300.jpg
960,images/307_00030.png,masks/307_00030.png,collages/307_00030.jpg
961,images/307_00060.png,masks/307_00060.png,collages/307_00060.jpg
962,images/307_00090.png,masks/307_00090.png,collages/307_00090.jpg
963,images/307_00120.png,masks/307_00120.png,collages/307_00120.jpg
964,images/307_00150.png,masks/307_00150.png,collages/307_00150.jpg
965,images/307_00180.png,masks/307_00180.png,collages/307_00180.jpg
966,images/307_00210.png,masks/307_00210.png,collages/307_00210.jpg
967,images/307_00240.png,masks/307_00240.png,collages/307_00240.jpg
968,images/307_00270.png,masks/307_00270.png,collages/307_00270.jpg
969,images/307_00300.png,masks/307_00300.png,collages/307_00300.jpg
970,images/307_00330.png,masks/307_00330.png,collages/307_00330.jpg
971,images/307_00360.png,masks/307_00360.png,collages/307_00360.jpg
972,images/307_00390.png,masks/307_00390.png,collages/307_00390.jpg
973,images/308_00030.png,masks/308_00030.png,collages/308_00030.jpg
974,images/308_00060.png,masks/308_00060.png,collages/308_00060.jpg
975,images/308_00090.png,masks/308_00090.png,collages/308_00090.jpg
976,images/308_00240.png,masks/308_00240.png,collages/308_00240.jpg
977,images/308_00270.png,masks/308_00270.png,collages/308_00270.jpg
978,images/308_00330.png,masks/308_00330.png,collages/308_00330.jpg
979,images/309_00060.png,masks/309_00060.png,collages/309_00060.jpg
980,images/309_00210.png,masks/309_00210.png,collages/309_00210.jpg
981,images/309_00240.png,masks/309_00240.png,collages/309_00240.jpg
982,images/309_00300.png,masks/309_00300.png,collages/309_00300.jpg
983,images/310_00300.png,masks/310_00300.png,collages/310_00300.jpg
984,images/310_00330.png,masks/310_00330.png,collages/310_00330.jpg
985,images/311_00090.png,masks/311_00090.png,collages/311_00090.jpg
986,images/311_00120.png,masks/311_00120.png,collages/311_00120.jpg
987,images/311_00180.png,masks/311_00180.png,collages/311_00180.jpg
988,images/311_00210.png,masks/311_00210.png,collages/311_00210.jpg
989,images/312_00060.png,masks/312_00060.png,collages/312_00060.jpg
990,images/312_00090.png,masks/312_00090.png,collages/312_00090.jpg
991,images/312_00120.png,masks/312_00120.png,collages/312_00120.jpg
992,images/312_00150.png,masks/312_00150.png,collages/312_00150.jpg
993,images/312_00180.png,masks/312_00180.png,collages/312_00180.jpg
994,images/312_00330.png,masks/312_00330.png,collages/312_00330.jpg
995,images/312_00420.png,masks/312_00420.png,collages/312_00420.jpg
996,images/316_00030.png,masks/316_00030.png,collages/316_00030.jpg
997,images/316_00060.png,masks/316_00060.png,collages/316_00060.jpg
998,images/316_00090.png,masks/316_00090.png,collages/316_00090.jpg
999,images/316_00120.png,masks/316_00120.png,collages/316_00120.jpg
1000,images/316_00150.png,masks/316_00150.png,collages/316_00150.jpg
1001,images/316_00180.png,masks/316_00180.png,collages/316_00180.jpg
1002,images/316_00210.png,masks/316_00210.png,collages/316_00210.jpg
1003,images/316_00240.png,masks/316_00240.png,collages/316_00240.jpg
1004,images/316_00270.png,masks/316_00270.png,collages/316_00270.jpg
1005,images/316_00300.png,masks/316_00300.png,collages/316_00300.jpg
1006,images/316_00330.png,masks/316_00330.png,collages/316_00330.jpg
1007,images/316_00360.png,masks/316_00360.png,collages/316_00360.jpg
1008,images/316_00390.png,masks/316_00390.png,collages/316_00390.jpg
1009,images/316_00420.png,masks/316_00420.png,collages/316_00420.jpg
1010,images/318_00030.png,masks/318_00030.png,collages/318_00030.jpg
1011,images/31_00030.png,masks/31_00030.png,collages/31_00030.jpg
1012,images/31_00060.png,masks/31_00060.png,collages/31_00060.jpg
1013,images/31_00120.png,masks/31_00120.png,collages/31_00120.jpg
1014,images/31_00150.png,masks/31_00150.png,collages/31_00150.jpg
1015,images/31_00210.png,masks/31_00210.png,collages/31_00210.jpg
1016,images/31_00240.png,masks/31_00240.png,collages/31_00240.jpg
1017,images/31_00300.png,masks/31_00300.png,collages/31_00300.jpg
1018,images/31_00330.png,masks/31_00330.png,collages/31_00330.jpg
1019,images/31_00420.png,masks/31_00420.png,collages/31_00420.jpg
1020,images/320_00030.png,masks/320_00030.png,collages/320_00030.jpg
1021,images/320_00060.png,masks/320_00060.png,collages/320_00060.jpg
1022,images/320_00090.png,masks/320_00090.png,collages/320_00090.jpg
1023,images/320_00150.png,masks/320_00150.png,collages/320_00150.jpg
1024,images/320_00300.png,masks/320_00300.png,collages/320_00300.jpg
1025,images/320_00330.png,masks/320_00330.png,collages/320_00330.jpg
1026,images/320_00360.png,masks/320_00360.png,collages/320_00360.jpg
1027,images/320_00390.png,masks/320_00390.png,collages/320_00390.jpg
1028,images/321_00030.png,masks/321_00030.png,collages/321_00030.jpg
1029,images/321_00120.png,masks/321_00120.png,collages/321_00120.jpg
1030,images/321_00150.png,masks/321_00150.png,collages/321_00150.jpg
1031,images/321_00210.png,masks/321_00210.png,collages/321_00210.jpg
1032,images/321_00240.png,masks/321_00240.png,collages/321_00240.jpg
1033,images/321_00330.png,masks/321_00330.png,collages/321_00330.jpg
1034,images/322_00030.png,masks/322_00030.png,collages/322_00030.jpg
1035,images/322_00060.png,masks/322_00060.png,collages/322_00060.jpg
1036,images/322_00090.png,masks/322_00090.png,collages/322_00090.jpg
1037,images/322_00120.png,masks/322_00120.png,collages/322_00120.jpg
1038,images/322_00180.png,masks/322_00180.png,collages/322_00180.jpg
1039,images/322_00210.png,masks/322_00210.png,collages/322_00210.jpg
1040,images/322_00240.png,masks/322_00240.png,collages/322_00240.jpg
1041,images/322_00270.png,masks/322_00270.png,collages/322_00270.jpg
1042,images/322_00330.png,masks/322_00330.png,collages/322_00330.jpg
1043,images/322_00360.png,masks/322_00360.png,collages/322_00360.jpg
1044,images/325_00030.png,masks/325_00030.png,collages/325_00030.jpg
1045,images/325_00090.png,masks/325_00090.png,collages/325_00090.jpg
1046,images/325_00270.png,masks/325_00270.png,collages/325_00270.jpg
1047,images/326_00030.png,masks/326_00030.png,collages/326_00030.jpg
1048,images/326_00090.png,masks/326_00090.png,collages/326_00090.jpg
1049,images/32_00030.png,masks/32_00030.png,collages/32_00030.jpg
1050,images/32_00060.png,masks/32_00060.png,collages/32_00060.jpg
1051,images/32_00090.png,masks/32_00090.png,collages/32_00090.jpg
1052,images/331_00030.png,masks/331_00030.png,collages/331_00030.jpg
1053,images/331_00060.png,masks/331_00060.png,collages/331_00060.jpg
1054,images/333_00150.png,masks/333_00150.png,collages/333_00150.jpg
1055,images/333_00180.png,masks/333_00180.png,collages/333_00180.jpg
1056,images/333_00210.png,masks/333_00210.png,collages/333_00210.jpg
1057,images/333_00240.png,masks/333_00240.png,collages/333_00240.jpg
1058,images/333_00270.png,masks/333_00270.png,collages/333_00270.jpg
1059,images/333_00330.png,masks/333_00330.png,collages/333_00330.jpg
1060,images/333_00390.png,masks/333_00390.png,collages/333_00390.jpg
1061,images/333_00420.png,masks/333_00420.png,collages/333_00420.jpg
1062,images/334_00030.png,masks/334_00030.png,collages/334_00030.jpg
1063,images/335_00090.png,masks/335_00090.png,collages/335_00090.jpg
1064,images/335_00120.png,masks/335_00120.png,collages/335_00120.jpg
1065,images/335_00150.png,masks/335_00150.png,collages/335_00150.jpg
1066,images/335_00210.png,masks/335_00210.png,collages/335_00210.jpg
1067,images/337_00030.png,masks/337_00030.png,collages/337_00030.jpg
1068,images/337_00060.png,masks/337_00060.png,collages/337_00060.jpg
1069,images/337_00120.png,masks/337_00120.png,collages/337_00120.jpg
1070,images/337_00150.png,masks/337_00150.png,collages/337_00150.jpg
1071,images/337_00180.png,masks/337_00180.png,collages/337_00180.jpg
1072,images/337_00240.png,masks/337_00240.png,collages/337_00240.jpg
1073,images/337_00360.png,masks/337_00360.png,collages/337_00360.jpg
1074,images/337_00390.png,masks/337_00390.png,collages/337_00390.jpg
1075,images/337_00420.png,masks/337_00420.png,collages/337_00420.jpg
1076,images/339_00030.png,masks/339_00030.png,collages/339_00030.jpg
1077,images/33_00120.png,masks/33_00120.png,collages/33_00120.jpg
1078,images/33_00150.png,masks/33_00150.png,collages/33_00150.jpg
1079,images/33_00210.png,masks/33_00210.png,collages/33_00210.jpg
1080,images/33_00240.png,masks/33_00240.png,collages/33_00240.jpg
1081,images/33_00270.png,masks/33_00270.png,collages/33_00270.jpg
1082,images/33_00300.png,masks/33_00300.png,collages/33_00300.jpg
1083,images/33_00330.png,masks/33_00330.png,collages/33_00330.jpg
1084,images/33_00360.png,masks/33_00360.png,collages/33_00360.jpg
1085,images/33_00390.png,masks/33_00390.png,collages/33_00390.jpg
1086,images/33_00420.png,masks/33_00420.png,collages/33_00420.jpg
1087,images/341_00060.png,masks/341_00060.png,collages/341_00060.jpg
1088,images/342_00030.png,masks/342_00030.png,collages/342_00030.jpg
1089,images/342_00060.png,masks/342_00060.png,collages/342_00060.jpg
1090,images/342_00090.png,masks/342_00090.png,collages/342_00090.jpg
1091,images/342_00150.png,masks/342_00150.png,collages/342_00150.jpg
1092,images/342_00180.png,masks/342_00180.png,collages/342_00180.jpg
1093,images/342_00210.png,masks/342_00210.png,collages/342_00210.jpg
1094,images/342_00270.png,masks/342_00270.png,collages/342_00270.jpg
1095,images/342_00300.png,masks/342_00300.png,collages/342_00300.jpg
1096,images/342_00420.png,masks/342_00420.png,collages/342_00420.jpg
1097,images/343_00030.png,masks/343_00030.png,collages/343_00030.jpg
1098,images/343_00060.png,masks/343_00060.png,collages/343_00060.jpg
1099,images/343_00090.png,masks/343_00090.png,collages/343_00090.jpg
1100,images/344_00030.png,masks/344_00030.png,collages/344_00030.jpg
1101,images/344_00060.png,masks/344_00060.png,collages/344_00060.jpg
1102,images/344_00090.png,masks/344_00090.png,collages/344_00090.jpg
1103,images/344_00120.png,masks/344_00120.png,collages/344_00120.jpg
1104,images/344_00150.png,masks/344_00150.png,collages/344_00150.jpg
1105,images/344_00180.png,masks/344_00180.png,collages/344_00180.jpg
1106,images/344_00210.png,masks/344_00210.png,collages/344_00210.jpg
1107,images/344_00240.png,masks/344_00240.png,collages/344_00240.jpg
1108,images/344_00270.png,masks/344_00270.png,collages/344_00270.jpg
1109,images/344_00300.png,masks/344_00300.png,collages/344_00300.jpg
1110,images/344_00330.png,masks/344_00330.png,collages/344_00330.jpg
1111,images/344_00360.png,masks/344_00360.png,collages/344_00360.jpg
1112,images/344_00390.png,masks/344_00390.png,collages/344_00390.jpg
1113,images/345_00030.png,masks/345_00030.png,collages/345_00030.jpg
1114,images/345_00090.png,masks/345_00090.png,collages/345_00090.jpg
1115,images/345_00180.png,masks/345_00180.png,collages/345_00180.jpg
1116,images/345_00330.png,masks/345_00330.png,collages/345_00330.jpg
1117,images/347_00150.png,masks/347_00150.png,collages/347_00150.jpg
1118,images/347_00210.png,masks/347_00210.png,collages/347_00210.jpg
1119,images/347_00240.png,masks/347_00240.png,collages/347_00240.jpg
1120,images/347_00270.png,masks/347_00270.png,collages/347_00270.jpg
1121,images/347_00300.png,masks/347_00300.png,collages/347_00300.jpg
1122,images/347_00330.png,masks/347_00330.png,collages/347_00330.jpg
1123,images/348_00090.png,masks/348_00090.png,collages/348_00090.jpg
1124,images/348_00180.png,masks/348_00180.png,collages/348_00180.jpg
1125,images/348_00210.png,masks/348_00210.png,collages/348_00210.jpg
1126,images/348_00240.png,masks/348_00240.png,collages/348_00240.jpg
1127,images/348_00270.png,masks/348_00270.png,collages/348_00270.jpg
1128,images/349_00030.png,masks/349_00030.png,collages/349_00030.jpg
1129,images/349_00060.png,masks/349_00060.png,collages/349_00060.jpg
1130,images/349_00090.png,masks/349_00090.png,collages/349_00090.jpg
1131,images/349_00150.png,masks/349_00150.png,collages/349_00150.jpg
1132,images/349_00180.png,masks/349_00180.png,collages/349_00180.jpg
1133,images/349_00240.png,masks/349_00240.png,collages/349_00240.jpg
1134,images/349_00270.png,masks/349_00270.png,collages/349_00270.jpg
1135,images/349_00300.png,masks/349_00300.png,collages/349_00300.jpg
1136,images/349_00330.png,masks/349_00330.png,collages/349_00330.jpg
1137,images/34_00030.png,masks/34_00030.png,collages/34_00030.jpg
1138,images/34_00090.png,masks/34_00090.png,collages/34_00090.jpg
1139,images/34_00120.png,masks/34_00120.png,collages/34_00120.jpg
1140,images/34_00150.png,masks/34_00150.png,collages/34_00150.jpg
1141,images/34_00180.png,masks/34_00180.png,collages/34_00180.jpg
1142,images/34_00210.png,masks/34_00210.png,collages/34_00210.jpg
1143,images/34_00240.png,masks/34_00240.png,collages/34_00240.jpg
1144,images/34_00270.png,masks/34_00270.png,collages/34_00270.jpg
1145,images/353_00030.png,masks/353_00030.png,collages/353_00030.jpg
1146,images/353_00060.png,masks/353_00060.png,collages/353_00060.jpg
1147,images/354_00030.png,masks/354_00030.png,collages/354_00030.jpg
1148,images/354_00060.png,masks/354_00060.png,collages/354_00060.jpg
1149,images/354_00090.png,masks/354_00090.png,collages/354_00090.jpg
1150,images/354_00120.png,masks/354_00120.png,collages/354_00120.jpg
1151,images/354_00150.png,masks/354_00150.png,collages/354_00150.jpg
1152,images/354_00180.png,masks/354_00180.png,collages/354_00180.jpg
1153,images/354_00210.png,masks/354_00210.png,collages/354_00210.jpg
1154,images/354_00240.png,masks/354_00240.png,collages/354_00240.jpg
1155,images/354_00270.png,masks/354_00270.png,collages/354_00270.jpg
1156,images/354_00300.png,masks/354_00300.png,collages/354_00300.jpg
1157,images/354_00330.png,masks/354_00330.png,collages/354_00330.jpg
1158,images/354_00360.png,masks/354_00360.png,collages/354_00360.jpg
1159,images/354_00390.png,masks/354_00390.png,collages/354_00390.jpg
1160,images/354_00420.png,masks/354_00420.png,collages/354_00420.jpg
1161,images/356_00030.png,masks/356_00030.png,collages/356_00030.jpg
1162,images/356_00120.png,masks/356_00120.png,collages/356_00120.jpg
1163,images/356_00150.png,masks/356_00150.png,collages/356_00150.jpg
1164,images/356_00180.png,masks/356_00180.png,collages/356_00180.jpg
1165,images/356_00210.png,masks/356_00210.png,collages/356_00210.jpg
1166,images/356_00240.png,masks/356_00240.png,collages/356_00240.jpg
1167,images/357_00180.png,masks/357_00180.png,collages/357_00180.jpg
1168,images/357_00210.png,masks/357_00210.png,collages/357_00210.jpg
1169,images/357_00270.png,masks/357_00270.png,collages/357_00270.jpg
1170,images/357_00300.png,masks/357_00300.png,collages/357_00300.jpg
1171,images/357_00330.png,masks/357_00330.png,collages/357_00330.jpg
1172,images/357_00360.png,masks/357_00360.png,collages/357_00360.jpg
1173,images/357_00390.png,masks/357_00390.png,collages/357_00390.jpg
1174,images/357_00420.png,masks/357_00420.png,collages/357_00420.jpg
1175,images/358_00120.png,masks/358_00120.png,collages/358_00120.jpg
1176,images/358_00180.png,masks/358_00180.png,collages/358_00180.jpg
1177,images/358_00330.png,masks/358_00330.png,collages/358_00330.jpg
1178,images/359_00120.png,masks/359_00120.png,collages/359_00120.jpg
1179,images/359_00150.png,masks/359_00150.png,collages/359_00150.jpg
1180,images/359_00180.png,masks/359_00180.png,collages/359_00180.jpg
1181,images/359_00240.png,masks/359_00240.png,collages/359_00240.jpg
1182,images/359_00360.png,masks/359_00360.png,collages/359_00360.jpg
1183,images/362_00030.png,masks/362_00030.png,collages/362_00030.jpg
1184,images/365_00030.png,masks/365_00030.png,collages/365_00030.jpg
1185,images/365_00060.png,masks/365_00060.png,collages/365_00060.jpg
1186,images/366_00030.png,masks/366_00030.png,collages/366_00030.jpg
1187,images/366_00060.png,masks/366_00060.png,collages/366_00060.jpg
1188,images/366_00090.png,masks/366_00090.png,collages/366_00090.jpg
1189,images/366_00150.png,masks/366_00150.png,collages/366_00150.jpg
1190,images/366_00180.png,masks/366_00180.png,collages/366_00180.jpg
1191,images/366_00210.png,masks/366_00210.png,collages/366_00210.jpg
1192,images/366_00270.png,masks/366_00270.png,collages/366_00270.jpg
1193,images/367_00030.png,masks/367_00030.png,collages/367_00030.jpg
1194,images/367_00120.png,masks/367_00120.png,collages/367_00120.jpg
1195,images/367_00180.png,masks/367_00180.png,collages/367_00180.jpg
1196,images/367_00240.png,masks/367_00240.png,collages/367_00240.jpg
1197,images/367_00300.png,masks/367_00300.png,collages/367_00300.jpg
1198,images/367_00330.png,masks/367_00330.png,collages/367_00330.jpg
1199,images/367_00360.png,masks/367_00360.png,collages/367_00360.jpg
1200,images/36_00060.png,masks/36_00060.png,collages/36_00060.jpg
1201,images/36_00090.png,masks/36_00090.png,collages/36_00090.jpg
1202,images/36_00180.png,masks/36_00180.png,collages/36_00180.jpg
1203,images/36_00210.png,masks/36_00210.png,collages/36_00210.jpg
1204,images/36_00240.png,masks/36_00240.png,collages/36_00240.jpg
1205,images/36_00270.png,masks/36_00270.png,collages/36_00270.jpg
1206,images/36_00300.png,masks/36_00300.png,collages/36_00300.jpg
1207,images/36_00330.png,masks/36_00330.png,collages/36_00330.jpg
1208,images/36_00360.png,masks/36_00360.png,collages/36_00360.jpg
1209,images/36_00390.png,masks/36_00390.png,collages/36_00390.jpg
1210,images/370_00300.png,masks/370_00300.png,collages/370_00300.jpg
1211,images/371_00030.png,masks/371_00030.png,collages/371_00030.jpg
1212,images/374_00030.png,masks/374_00030.png,collages/374_00030.jpg
1213,images/374_00060.png,masks/374_00060.png,collages/374_00060.jpg
1214,images/374_00090.png,masks/374_00090.png,collages/374_00090.jpg
1215,images/374_00120.png,masks/374_00120.png,collages/374_00120.jpg
1216,images/374_00150.png,masks/374_00150.png,collages/374_00150.jpg
1217,images/374_00180.png,masks/374_00180.png,collages/374_00180.jpg
1218,images/374_00210.png,masks/374_00210.png,collages/374_00210.jpg
1219,images/374_00240.png,masks/374_00240.png,collages/374_00240.jpg
1220,images/374_00270.png,masks/374_00270.png,collages/374_00270.jpg
1221,images/374_00300.png,masks/374_00300.png,collages/374_00300.jpg
1222,images/374_00330.png,masks/374_00330.png,collages/374_00330.jpg
1223,images/374_00360.png,masks/374_00360.png,collages/374_00360.jpg
1224,images/374_00390.png,masks/374_00390.png,collages/374_00390.jpg
1225,images/374_00420.png,masks/374_00420.png,collages/374_00420.jpg
1226,images/376_00060.png,masks/376_00060.png,collages/376_00060.jpg
1227,images/376_00150.png,masks/376_00150.png,collages/376_00150.jpg
1228,images/376_00270.png,masks/376_00270.png,collages/376_00270.jpg
1229,images/376_00300.png,masks/376_00300.png,collages/376_00300.jpg
1230,images/37_00030.png,masks/37_00030.png,collages/37_00030.jpg
1231,images/37_00090.png,masks/37_00090.png,collages/37_00090.jpg
1232,images/37_00120.png,masks/37_00120.png,collages/37_00120.jpg
1233,images/37_00150.png,masks/37_00150.png,collages/37_00150.jpg
1234,images/37_00180.png,masks/37_00180.png,collages/37_00180.jpg
1235,images/37_00210.png,masks/37_00210.png,collages/37_00210.jpg
1236,images/37_00240.png,masks/37_00240.png,collages/37_00240.jpg
1237,images/37_00270.png,masks/37_00270.png,collages/37_00270.jpg
1238,images/37_00300.png,masks/37_00300.png,collages/37_00300.jpg
1239,images/37_00330.png,masks/37_00330.png,collages/37_00330.jpg
1240,images/37_00360.png,masks/37_00360.png,collages/37_00360.jpg
1241,images/37_00390.png,masks/37_00390.png,collages/37_00390.jpg
1242,images/37_00420.png,masks/37_00420.png,collages/37_00420.jpg
1243,images/380_00060.png,masks/380_00060.png,collages/380_00060.jpg
1244,images/380_00090.png,masks/380_00090.png,collages/380_00090.jpg
1245,images/380_00120.png,masks/380_00120.png,collages/380_00120.jpg
1246,images/380_00150.png,masks/380_00150.png,collages/380_00150.jpg
1247,images/380_00390.png,masks/380_00390.png,collages/380_00390.jpg
1248,images/383_00210.png,masks/383_00210.png,collages/383_00210.jpg
1249,images/385_00030.png,masks/385_00030.png,collages/385_00030.jpg
1250,images/385_00090.png,masks/385_00090.png,collages/385_00090.jpg
1251,images/385_00180.png,masks/385_00180.png,collages/385_00180.jpg
1252,images/385_00240.png,masks/385_00240.png,collages/385_00240.jpg
1253,images/385_00300.png,masks/385_00300.png,collages/385_00300.jpg
1254,images/387_00060.png,masks/387_00060.png,collages/387_00060.jpg
1255,images/387_00090.png,masks/387_00090.png,collages/387_00090.jpg
1256,images/387_00120.png,masks/387_00120.png,collages/387_00120.jpg
1257,images/387_00180.png,masks/387_00180.png,collages/387_00180.jpg
1258,images/387_00360.png,masks/387_00360.png,collages/387_00360.jpg
1259,images/387_00390.png,masks/387_00390.png,collages/387_00390.jpg
1260,images/387_00420.png,masks/387_00420.png,collages/387_00420.jpg
1261,images/38_00030.png,masks/38_00030.png,collages/38_00030.jpg
1262,images/38_00120.png,masks/38_00120.png,collages/38_00120.jpg
1263,images/38_00150.png,masks/38_00150.png,collages/38_00150.jpg
1264,images/38_00180.png,masks/38_00180.png,collages/38_00180.jpg
1265,images/38_00210.png,masks/38_00210.png,collages/38_00210.jpg
1266,images/38_00270.png,masks/38_00270.png,collages/38_00270.jpg
1267,images/38_00300.png,masks/38_00300.png,collages/38_00300.jpg
1268,images/38_00330.png,masks/38_00330.png,collages/38_00330.jpg
1269,images/390_00060.png,masks/390_00060.png,collages/390_00060.jpg
1270,images/390_00090.png,masks/390_00090.png,collages/390_00090.jpg
1271,images/391_00090.png,masks/391_00090.png,collages/391_00090.jpg
1272,images/391_00330.png,masks/391_00330.png,collages/391_00330.jpg
1273,images/393_00120.png,masks/393_00120.png,collages/393_00120.jpg
1274,images/393_00180.png,masks/393_00180.png,collages/393_00180.jpg
1275,images/393_00210.png,masks/393_00210.png,collages/393_00210.jpg
1276,images/393_00240.png,masks/393_00240.png,collages/393_00240.jpg
1277,images/393_00270.png,masks/393_00270.png,collages/393_00270.jpg
1278,images/393_00300.png,masks/393_00300.png,collages/393_00300.jpg
1279,images/3_00090.png,masks/3_00090.png,collages/3_00090.jpg
1280,images/3_00300.png,masks/3_00300.png,collages/3_00300.jpg
1281,images/401_00060.png,masks/401_00060.png,collages/401_00060.jpg
1282,images/401_00090.png,masks/401_00090.png,collages/401_00090.jpg
1283,images/401_00150.png,masks/401_00150.png,collages/401_00150.jpg
1284,images/401_00180.png,masks/401_00180.png,collages/401_00180.jpg
1285,images/401_00210.png,masks/401_00210.png,collages/401_00210.jpg
1286,images/401_00240.png,masks/401_00240.png,collages/401_00240.jpg
1287,images/401_00270.png,masks/401_00270.png,collages/401_00270.jpg
1288,images/401_00300.png,masks/401_00300.png,collages/401_00300.jpg
1289,images/401_00330.png,masks/401_00330.png,collages/401_00330.jpg
1290,images/407_00030.png,masks/407_00030.png,collages/407_00030.jpg
1291,images/407_00090.png,masks/407_00090.png,collages/407_00090.jpg
1292,images/407_00120.png,masks/407_00120.png,collages/407_00120.jpg
1293,images/407_00240.png,masks/407_00240.png,collages/407_00240.jpg
1294,images/407_00270.png,masks/407_00270.png,collages/407_00270.jpg
1295,images/409_00030.png,masks/409_00030.png,collages/409_00030.jpg
1296,images/409_00090.png,masks/409_00090.png,collages/409_00090.jpg
1297,images/409_00120.png,masks/409_00120.png,collages/409_00120.jpg
1298,images/409_00150.png,masks/409_00150.png,collages/409_00150.jpg
1299,images/409_00180.png,masks/409_00180.png,collages/409_00180.jpg
1300,images/409_00210.png,masks/409_00210.png,collages/409_00210.jpg
1301,images/409_00240.png,masks/409_00240.png,collages/409_00240.jpg
1302,images/409_00270.png,masks/409_00270.png,collages/409_00270.jpg
1303,images/409_00300.png,masks/409_00300.png,collages/409_00300.jpg
1304,images/409_00330.png,masks/409_00330.png,collages/409_00330.jpg
1305,images/409_00420.png,masks/409_00420.png,collages/409_00420.jpg
1306,images/40_00030.png,masks/40_00030.png,collages/40_00030.jpg
1307,images/40_00060.png,masks/40_00060.png,collages/40_00060.jpg
1308,images/40_00120.png,masks/40_00120.png,collages/40_00120.jpg
1309,images/40_00150.png,masks/40_00150.png,collages/40_00150.jpg
1310,images/40_00210.png,masks/40_00210.png,collages/40_00210.jpg
1311,images/40_00270.png,masks/40_00270.png,collages/40_00270.jpg
1312,images/40_00330.png,masks/40_00330.png,collages/40_00330.jpg
1313,images/40_00360.png,masks/40_00360.png,collages/40_00360.jpg
1314,images/40_00420.png,masks/40_00420.png,collages/40_00420.jpg
1315,images/411_00030.png,masks/411_00030.png,collages/411_00030.jpg
1316,images/411_00060.png,masks/411_00060.png,collages/411_00060.jpg
1317,images/414_00060.png,masks/414_00060.png,collages/414_00060.jpg
1318,images/414_00090.png,masks/414_00090.png,collages/414_00090.jpg
1319,images/414_00120.png,masks/414_00120.png,collages/414_00120.jpg
1320,images/414_00150.png,masks/414_00150.png,collages/414_00150.jpg
1321,images/414_00180.png,masks/414_00180.png,collages/414_00180.jpg
1322,images/414_00210.png,masks/414_00210.png,collages/414_00210.jpg
1323,images/414_00240.png,masks/414_00240.png,collages/414_00240.jpg
1324,images/414_00270.png,masks/414_00270.png,collages/414_00270.jpg
1325,images/414_00300.png,masks/414_00300.png,collages/414_00300.jpg
1326,images/414_00330.png,masks/414_00330.png,collages/414_00330.jpg
1327,images/414_00360.png,masks/414_00360.png,collages/414_00360.jpg
1328,images/414_00390.png,masks/414_00390.png,collages/414_00390.jpg
1329,images/414_00420.png,masks/414_00420.png,collages/414_00420.jpg
1330,images/415_00030.png,masks/415_00030.png,collages/415_00030.jpg
1331,images/415_00060.png,masks/415_00060.png,collages/415_00060.jpg
1332,images/415_00090.png,masks/415_00090.png,collages/415_00090.jpg
1333,images/415_00180.png,masks/415_00180.png,collages/415_00180.jpg
1334,images/415_00210.png,masks/415_00210.png,collages/415_00210.jpg
1335,images/415_00240.png,masks/415_00240.png,collages/415_00240.jpg
1336,images/415_00270.png,masks/415_00270.png,collages/415_00270.jpg
1337,images/415_00300.png,masks/415_00300.png,collages/415_00300.jpg
1338,images/415_00330.png,masks/415_00330.png,collages/415_00330.jpg
1339,images/415_00360.png,masks/415_00360.png,collages/415_00360.jpg
1340,images/415_00390.png,masks/415_00390.png,collages/415_00390.jpg
1341,images/415_00420.png,masks/415_00420.png,collages/415_00420.jpg
1342,images/416_00030.png,masks/416_00030.png,collages/416_00030.jpg
1343,images/416_00060.png,masks/416_00060.png,collages/416_00060.jpg
1344,images/416_00090.png,masks/416_00090.png,collages/416_00090.jpg
1345,images/416_00120.png,masks/416_00120.png,collages/416_00120.jpg
1346,images/416_00150.png,masks/416_00150.png,collages/416_00150.jpg
1347,images/416_00180.png,masks/416_00180.png,collages/416_00180.jpg
1348,images/416_00240.png,masks/416_00240.png,collages/416_00240.jpg
1349,images/416_00270.png,masks/416_00270.png,collages/416_00270.jpg
1350,images/416_00300.png,masks/416_00300.png,collages/416_00300.jpg
1351,images/416_00330.png,masks/416_00330.png,collages/416_00330.jpg
1352,images/416_00360.png,masks/416_00360.png,collages/416_00360.jpg
1353,images/416_00390.png,masks/416_00390.png,collages/416_00390.jpg
1354,images/416_00420.png,masks/416_00420.png,collages/416_00420.jpg
1355,images/418_00030.png,masks/418_00030.png,collages/418_00030.jpg
1356,images/418_00060.png,masks/418_00060.png,collages/418_00060.jpg
1357,images/418_00090.png,masks/418_00090.png,collages/418_00090.jpg
1358,images/418_00120.png,masks/418_00120.png,collages/418_00120.jpg
1359,images/418_00150.png,masks/418_00150.png,collages/418_00150.jpg
1360,images/418_00180.png,masks/418_00180.png,collages/418_00180.jpg
1361,images/418_00210.png,masks/418_00210.png,collages/418_00210.jpg
1362,images/418_00240.png,masks/418_00240.png,collages/418_00240.jpg
1363,images/418_00270.png,masks/418_00270.png,collages/418_00270.jpg
1364,images/418_00300.png,masks/418_00300.png,collages/418_00300.jpg
1365,images/418_00330.png,masks/418_00330.png,collages/418_00330.jpg
1366,images/418_00360.png,masks/418_00360.png,collages/418_00360.jpg
1367,images/418_00390.png,masks/418_00390.png,collages/418_00390.jpg
1368,images/418_00420.png,masks/418_00420.png,collages/418_00420.jpg
1369,images/419_00030.png,masks/419_00030.png,collages/419_00030.jpg
1370,images/419_00090.png,masks/419_00090.png,collages/419_00090.jpg
1371,images/419_00150.png,masks/419_00150.png,collages/419_00150.jpg
1372,images/41_00030.png,masks/41_00030.png,collages/41_00030.jpg
1373,images/41_00060.png,masks/41_00060.png,collages/41_00060.jpg
1374,images/41_00090.png,masks/41_00090.png,collages/41_00090.jpg
1375,images/41_00180.png,masks/41_00180.png,collages/41_00180.jpg
1376,images/41_00210.png,masks/41_00210.png,collages/41_00210.jpg
1377,images/41_00240.png,masks/41_00240.png,collages/41_00240.jpg
1378,images/41_00270.png,masks/41_00270.png,collages/41_00270.jpg
1379,images/41_00330.png,masks/41_00330.png,collages/41_00330.jpg
1380,images/41_00360.png,masks/41_00360.png,collages/41_00360.jpg
1381,images/421_00060.png,masks/421_00060.png,collages/421_00060.jpg
1382,images/422_00030.png,masks/422_00030.png,collages/422_00030.jpg
1383,images/422_00060.png,masks/422_00060.png,collages/422_00060.jpg
1384,images/422_00090.png,masks/422_00090.png,collages/422_00090.jpg
1385,images/422_00120.png,masks/422_00120.png,collages/422_00120.jpg
1386,images/422_00150.png,masks/422_00150.png,collages/422_00150.jpg
1387,images/422_00180.png,masks/422_00180.png,collages/422_00180.jpg
1388,images/422_00210.png,masks/422_00210.png,collages/422_00210.jpg
1389,images/422_00240.png,masks/422_00240.png,collages/422_00240.jpg
1390,images/422_00270.png,masks/422_00270.png,collages/422_00270.jpg
1391,images/422_00300.png,masks/422_00300.png,collages/422_00300.jpg
1392,images/422_00330.png,masks/422_00330.png,collages/422_00330.jpg
1393,images/422_00360.png,masks/422_00360.png,collages/422_00360.jpg
1394,images/423_00180.png,masks/423_00180.png,collages/423_00180.jpg
1395,images/423_00240.png,masks/423_00240.png,collages/423_00240.jpg
1396,images/423_00270.png,masks/423_00270.png,collages/423_00270.jpg
1397,images/426_00060.png,masks/426_00060.png,collages/426_00060.jpg
1398,images/426_00090.png,masks/426_00090.png,collages/426_00090.jpg
1399,images/426_00120.png,masks/426_00120.png,collages/426_00120.jpg
1400,images/426_00150.png,masks/426_00150.png,collages/426_00150.jpg
1401,images/426_00210.png,masks/426_00210.png,collages/426_00210.jpg
1402,images/426_00240.png,masks/426_00240.png,collages/426_00240.jpg
1403,images/426_00300.png,masks/426_00300.png,collages/426_00300.jpg
1404,images/426_00330.png,masks/426_00330.png,collages/426_00330.jpg
1405,images/426_00360.png,masks/426_00360.png,collages/426_00360.jpg
1406,images/426_00390.png,masks/426_00390.png,collages/426_00390.jpg
1407,images/427_00060.png,masks/427_00060.png,collages/427_00060.jpg
1408,images/427_00090.png,masks/427_00090.png,collages/427_00090.jpg
1409,images/428_00030.png,masks/428_00030.png,collages/428_00030.jpg
1410,images/428_00150.png,masks/428_00150.png,collages/428_00150.jpg
1411,images/428_00390.png,masks/428_00390.png,collages/428_00390.jpg
1412,images/428_00420.png,masks/428_00420.png,collages/428_00420.jpg
1413,images/429_00030.png,masks/429_00030.png,collages/429_00030.jpg
1414,images/429_00060.png,masks/429_00060.png,collages/429_00060.jpg
1415,images/429_00090.png,masks/429_00090.png,collages/429_00090.jpg
1416,images/429_00120.png,masks/429_00120.png,collages/429_00120.jpg
1417,images/429_00270.png,masks/429_00270.png,collages/429_00270.jpg
1418,images/429_00330.png,masks/429_00330.png,collages/429_00330.jpg
1419,images/429_00360.png,masks/429_00360.png,collages/429_00360.jpg
1420,images/42_00120.png,masks/42_00120.png,collages/42_00120.jpg
1421,images/42_00300.png,masks/42_00300.png,collages/42_00300.jpg
1422,images/42_00330.png,masks/42_00330.png,collages/42_00330.jpg
1423,images/437_00060.png,masks/437_00060.png,collages/437_00060.jpg
1424,images/437_00330.png,masks/437_00330.png,collages/437_00330.jpg
1425,images/437_00360.png,masks/437_00360.png,collages/437_00360.jpg
1426,images/437_00420.png,masks/437_00420.png,collages/437_00420.jpg
1427,images/437_00450.png,masks/437_00450.png,collages/437_00450.jpg
1428,images/43_00150.png,masks/43_00150.png,collages/43_00150.jpg
1429,images/440_00030.png,masks/440_00030.png,collages/440_00030.jpg
1430,images/440_00090.png,masks/440_00090.png,collages/440_00090.jpg
1431,images/440_00120.png,masks/440_00120.png,collages/440_00120.jpg
1432,images/440_00150.png,masks/440_00150.png,collages/440_00150.jpg
1433,images/440_00240.png,masks/440_00240.png,collages/440_00240.jpg
1434,images/440_00300.png,masks/440_00300.png,collages/440_00300.jpg
1435,images/440_00330.png,masks/440_00330.png,collages/440_00330.jpg
1436,images/440_00360.png,masks/440_00360.png,collages/440_00360.jpg
1437,images/440_00390.png,masks/440_00390.png,collages/440_00390.jpg
1438,images/441_00030.png,masks/441_00030.png,collages/441_00030.jpg
1439,images/441_00060.png,masks/441_00060.png,collages/441_00060.jpg
1440,images/441_00090.png,masks/441_00090.png,collages/441_00090.jpg
1441,images/441_00120.png,masks/441_00120.png,collages/441_00120.jpg
1442,images/447_00060.png,masks/447_00060.png,collages/447_00060.jpg
1443,images/447_00090.png,masks/447_00090.png,collages/447_00090.jpg
1444,images/447_00150.png,masks/447_00150.png,collages/447_00150.jpg
1445,images/447_00180.png,masks/447_00180.png,collages/447_00180.jpg
1446,images/448_00030.png,masks/448_00030.png,collages/448_00030.jpg
1447,images/448_00060.png,masks/448_00060.png,collages/448_00060.jpg
1448,images/449_00030.png,masks/449_00030.png,collages/449_00030.jpg
1449,images/449_00060.png,masks/449_00060.png,collages/449_00060.jpg
1450,images/449_00090.png,masks/449_00090.png,collages/449_00090.jpg
1451,images/449_00120.png,masks/449_00120.png,collages/449_00120.jpg
1452,images/449_00180.png,masks/449_00180.png,collages/449_00180.jpg
1453,images/449_00270.png,masks/449_00270.png,collages/449_00270.jpg
1454,images/449_00300.png,masks/449_00300.png,collages/449_00300.jpg
1455,images/449_00360.png,masks/449_00360.png,collages/449_00360.jpg
1456,images/449_00390.png,masks/449_00390.png,collages/449_00390.jpg
1457,images/449_00420.png,masks/449_00420.png,collages/449_00420.jpg
1458,images/44_00060.png,masks/44_00060.png,collages/44_00060.jpg
1459,images/44_00090.png,masks/44_00090.png,collages/44_00090.jpg
1460,images/44_00120.png,masks/44_00120.png,collages/44_00120.jpg
1461,images/44_00150.png,masks/44_00150.png,collages/44_00150.jpg
1462,images/44_00180.png,masks/44_00180.png,collages/44_00180.jpg
1463,images/44_00210.png,masks/44_00210.png,collages/44_00210.jpg
1464,images/44_00240.png,masks/44_00240.png,collages/44_00240.jpg
1465,images/44_00270.png,masks/44_00270.png,collages/44_00270.jpg
1466,images/44_00300.png,masks/44_00300.png,collages/44_00300.jpg
1467,images/44_00330.png,masks/44_00330.png,collages/44_00330.jpg
1468,images/44_00360.png,masks/44_00360.png,collages/44_00360.jpg
1469,images/44_00390.png,masks/44_00390.png,collages/44_00390.jpg
1470,images/44_00420.png,masks/44_00420.png,collages/44_00420.jpg
1471,images/450_00270.png,masks/450_00270.png,collages/450_00270.jpg
1472,images/451_00030.png,masks/451_00030.png,collages/451_00030.jpg
1473,images/453_00030.png,masks/453_00030.png,collages/453_00030.jpg
1474,images/453_00060.png,masks/453_00060.png,collages/453_00060.jpg
1475,images/453_00090.png,masks/453_00090.png,collages/453_00090.jpg
1476,images/453_00120.png,masks/453_00120.png,collages/453_00120.jpg
1477,images/453_00150.png,masks/453_00150.png,collages/453_00150.jpg
1478,images/453_00180.png,masks/453_00180.png,collages/453_00180.jpg
1479,images/453_00210.png,masks/453_00210.png,collages/453_00210.jpg
1480,images/453_00240.png,masks/453_00240.png,collages/453_00240.jpg
1481,images/453_00390.png,masks/453_00390.png,collages/453_00390.jpg
1482,images/454_00030.png,masks/454_00030.png,collages/454_00030.jpg
1483,images/454_00090.png,masks/454_00090.png,collages/454_00090.jpg
1484,images/454_00300.png,masks/454_00300.png,collages/454_00300.jpg
1485,images/454_00330.png,masks/454_00330.png,collages/454_00330.jpg
1486,images/455_00210.png,masks/455_00210.png,collages/455_00210.jpg
1487,images/456_00060.png,masks/456_00060.png,collages/456_00060.jpg
1488,images/456_00090.png,masks/456_00090.png,collages/456_00090.jpg
1489,images/456_00120.png,masks/456_00120.png,collages/456_00120.jpg
1490,images/456_00150.png,masks/456_00150.png,collages/456_00150.jpg
1491,images/456_00180.png,masks/456_00180.png,collages/456_00180.jpg
1492,images/456_00210.png,masks/456_00210.png,collages/456_00210.jpg
1493,images/456_00240.png,masks/456_00240.png,collages/456_00240.jpg
1494,images/456_00270.png,masks/456_00270.png,collages/456_00270.jpg
1495,images/456_00300.png,masks/456_00300.png,collages/456_00300.jpg
1496,images/456_00330.png,masks/456_00330.png,collages/456_00330.jpg
1497,images/456_00360.png,masks/456_00360.png,collages/456_00360.jpg
1498,images/456_00390.png,masks/456_00390.png,collages/456_00390.jpg
1499,images/456_00420.png,masks/456_00420.png,collages/456_00420.jpg
1500,images/457_00030.png,masks/457_00030.png,collages/457_00030.jpg
1501,images/457_00060.png,masks/457_00060.png,collages/457_00060.jpg
1502,images/458_00060.png,masks/458_00060.png,collages/458_00060.jpg
1503,images/458_00090.png,masks/458_00090.png,collages/458_00090.jpg
1504,images/458_00120.png,masks/458_00120.png,collages/458_00120.jpg
1505,images/458_00150.png,masks/458_00150.png,collages/458_00150.jpg
1506,images/458_00180.png,masks/458_00180.png,collages/458_00180.jpg
1507,images/458_00210.png,masks/458_00210.png,collages/458_00210.jpg
1508,images/458_00240.png,masks/458_00240.png,collages/458_00240.jpg
1509,images/458_00270.png,masks/458_00270.png,collages/458_00270.jpg
1510,images/459_00030.png,masks/459_00030.png,collages/459_00030.jpg
1511,images/459_00060.png,masks/459_00060.png,collages/459_00060.jpg
1512,images/459_00090.png,masks/459_00090.png,collages/459_00090.jpg
1513,images/459_00150.png,masks/459_00150.png,collages/459_00150.jpg
1514,images/459_00210.png,masks/459_00210.png,collages/459_00210.jpg
1515,images/459_00240.png,masks/459_00240.png,collages/459_00240.jpg
1516,images/459_00270.png,masks/459_00270.png,collages/459_00270.jpg
1517,images/459_00300.png,masks/459_00300.png,collages/459_00300.jpg
1518,images/459_00330.png,masks/459_00330.png,collages/459_00330.jpg
1519,images/459_00360.png,masks/459_00360.png,collages/459_00360.jpg
1520,images/459_00420.png,masks/459_00420.png,collages/459_00420.jpg
1521,images/45_00030.png,masks/45_00030.png,collages/45_00030.jpg
1522,images/45_00060.png,masks/45_00060.png,collages/45_00060.jpg
1523,images/45_00090.png,masks/45_00090.png,collages/45_00090.jpg
1524,images/45_00150.png,masks/45_00150.png,collages/45_00150.jpg
1525,images/45_00240.png,masks/45_00240.png,collages/45_00240.jpg
1526,images/45_00270.png,masks/45_00270.png,collages/45_00270.jpg
1527,images/45_00330.png,masks/45_00330.png,collages/45_00330.jpg
1528,images/45_00360.png,masks/45_00360.png,collages/45_00360.jpg
1529,images/460_00060.png,masks/460_00060.png,collages/460_00060.jpg
1530,images/460_00120.png,masks/460_00120.png,collages/460_00120.jpg
1531,images/460_00270.png,masks/460_00270.png,collages/460_00270.jpg
1532,images/461_00030.png,masks/461_00030.png,collages/461_00030.jpg
1533,images/461_00060.png,masks/461_00060.png,collages/461_00060.jpg
1534,images/461_00090.png,masks/461_00090.png,collages/461_00090.jpg
1535,images/461_00120.png,masks/461_00120.png,collages/461_00120.jpg
1536,images/461_00180.png,masks/461_00180.png,collages/461_00180.jpg
1537,images/461_00210.png,masks/461_00210.png,collages/461_00210.jpg
1538,images/461_00240.png,masks/461_00240.png,collages/461_00240.jpg
1539,images/461_00270.png,masks/461_00270.png,collages/461_00270.jpg
1540,images/461_00330.png,masks/461_00330.png,collages/461_00330.jpg
1541,images/461_00360.png,masks/461_00360.png,collages/461_00360.jpg
1542,images/461_00390.png,masks/461_00390.png,collages/461_00390.jpg
1543,images/462_00030.png,masks/462_00030.png,collages/462_00030.jpg
1544,images/462_00060.png,masks/462_00060.png,collages/462_00060.jpg
1545,images/462_00090.png,masks/462_00090.png,collages/462_00090.jpg
1546,images/462_00120.png,masks/462_00120.png,collages/462_00120.jpg
1547,images/462_00150.png,masks/462_00150.png,collages/462_00150.jpg
1548,images/462_00300.png,masks/462_00300.png,collages/462_00300.jpg
1549,images/462_00330.png,masks/462_00330.png,collages/462_00330.jpg
1550,images/463_00030.png,masks/463_00030.png,collages/463_00030.jpg
1551,images/466_00030.png,masks/466_00030.png,collages/466_00030.jpg
1552,images/466_00090.png,masks/466_00090.png,collages/466_00090.jpg
1553,images/466_00120.png,masks/466_00120.png,collages/466_00120.jpg
1554,images/466_00360.png,masks/466_00360.png,collages/466_00360.jpg
1555,images/466_00390.png,masks/466_00390.png,collages/466_00390.jpg
1556,images/466_00420.png,masks/466_00420.png,collages/466_00420.jpg
1557,images/467_00210.png,masks/467_00210.png,collages/467_00210.jpg
1558,images/468_00030.png,masks/468_00030.png,collages/468_00030.jpg
1559,images/468_00090.png,masks/468_00090.png,collages/468_00090.jpg
1560,images/468_00120.png,masks/468_00120.png,collages/468_00120.jpg
1561,images/468_00180.png,masks/468_00180.png,collages/468_00180.jpg
1562,images/468_00240.png,masks/468_00240.png,collages/468_00240.jpg
1563,images/468_00270.png,masks/468_00270.png,collages/468_00270.jpg
1564,images/468_00300.png,masks/468_00300.png,collages/468_00300.jpg
1565,images/468_00330.png,masks/468_00330.png,collages/468_00330.jpg
1566,images/468_00420.png,masks/468_00420.png,collages/468_00420.jpg
1567,images/46_00030.png,masks/46_00030.png,collages/46_00030.jpg
1568,images/46_00060.png,masks/46_00060.png,collages/46_00060.jpg
1569,images/46_00090.png,masks/46_00090.png,collages/46_00090.jpg
1570,images/46_00150.png,masks/46_00150.png,collages/46_00150.jpg
1571,images/46_00180.png,masks/46_00180.png,collages/46_00180.jpg
1572,images/46_00210.png,masks/46_00210.png,collages/46_00210.jpg
1573,images/46_00240.png,masks/46_00240.png,collages/46_00240.jpg
1574,images/46_00270.png,masks/46_00270.png,collages/46_00270.jpg
1575,images/46_00330.png,masks/46_00330.png,collages/46_00330.jpg
1576,images/46_00360.png,masks/46_00360.png,collages/46_00360.jpg
1577,images/46_00390.png,masks/46_00390.png,collages/46_00390.jpg
1578,images/471_00030.png,masks/471_00030.png,collages/471_00030.jpg
1579,images/471_00090.png,masks/471_00090.png,collages/471_00090.jpg
1580,images/471_00150.png,masks/471_00150.png,collages/471_00150.jpg
1581,images/471_00180.png,masks/471_00180.png,collages/471_00180.jpg
1582,images/471_00210.png,masks/471_00210.png,collages/471_00210.jpg
1583,images/471_00330.png,masks/471_00330.png,collages/471_00330.jpg
1584,images/473_00090.png,masks/473_00090.png,collages/473_00090.jpg
1585,images/476_00120.png,masks/476_00120.png,collages/476_00120.jpg
1586,images/476_00330.png,masks/476_00330.png,collages/476_00330.jpg
1587,images/476_00390.png,masks/476_00390.png,collages/476_00390.jpg
1588,images/477_00030.png,masks/477_00030.png,collages/477_00030.jpg
1589,images/477_00060.png,masks/477_00060.png,collages/477_00060.jpg
1590,images/477_00090.png,masks/477_00090.png,collages/477_00090.jpg
1591,images/477_00120.png,masks/477_00120.png,collages/477_00120.jpg
1592,images/477_00150.png,masks/477_00150.png,collages/477_00150.jpg
1593,images/477_00180.png,masks/477_00180.png,collages/477_00180.jpg
1594,images/477_00210.png,masks/477_00210.png,collages/477_00210.jpg
1595,images/477_00240.png,masks/477_00240.png,collages/477_00240.jpg
1596,images/477_00270.png,masks/477_00270.png,collages/477_00270.jpg
1597,images/477_00330.png,masks/477_00330.png,collages/477_00330.jpg
1598,images/477_00360.png,masks/477_00360.png,collages/477_00360.jpg
1599,images/477_00390.png,masks/477_00390.png,collages/477_00390.jpg
1600,images/477_00420.png,masks/477_00420.png,collages/477_00420.jpg
1601,images/479_00120.png,masks/479_00120.png,collages/479_00120.jpg
1602,images/479_00210.png,masks/479_00210.png,collages/479_00210.jpg
1603,images/479_00240.png,masks/479_00240.png,collages/479_00240.jpg
1604,images/479_00330.png,masks/479_00330.png,collages/479_00330.jpg
1605,images/479_00360.png,masks/479_00360.png,collages/479_00360.jpg
1606,images/479_00390.png,masks/479_00390.png,collages/479_00390.jpg
1607,images/479_00420.png,masks/479_00420.png,collages/479_00420.jpg
1608,images/481_00120.png,masks/481_00120.png,collages/481_00120.jpg
1609,images/481_00150.png,masks/481_00150.png,collages/481_00150.jpg
1610,images/481_00180.png,masks/481_00180.png,collages/481_00180.jpg
1611,images/481_00210.png,masks/481_00210.png,collages/481_00210.jpg
1612,images/481_00240.png,masks/481_00240.png,collages/481_00240.jpg
1613,images/481_00300.png,masks/481_00300.png,collages/481_00300.jpg
1614,images/481_00330.png,masks/481_00330.png,collages/481_00330.jpg
1615,images/481_00360.png,masks/481_00360.png,collages/481_00360.jpg
1616,images/481_00390.png,masks/481_00390.png,collages/481_00390.jpg
1617,images/485_00030.png,masks/485_00030.png,collages/485_00030.jpg
1618,images/485_00060.png,masks/485_00060.png,collages/485_00060.jpg
1619,images/485_00090.png,masks/485_00090.png,collages/485_00090.jpg
1620,images/485_00120.png,masks/485_00120.png,collages/485_00120.jpg
1621,images/485_00150.png,masks/485_00150.png,collages/485_00150.jpg
1622,images/485_00180.png,masks/485_00180.png,collages/485_00180.jpg
1623,images/485_00270.png,masks/485_00270.png,collages/485_00270.jpg
1624,images/489_00030.png,masks/489_00030.png,collages/489_00030.jpg
1625,images/489_00060.png,masks/489_00060.png,collages/489_00060.jpg
1626,images/489_00090.png,masks/489_00090.png,collages/489_00090.jpg
1627,images/489_00120.png,masks/489_00120.png,collages/489_00120.jpg
1628,images/489_00180.png,masks/489_00180.png,collages/489_00180.jpg
1629,images/489_00210.png,masks/489_00210.png,collages/489_00210.jpg
1630,images/489_00270.png,masks/489_00270.png,collages/489_00270.jpg
1631,images/489_00300.png,masks/489_00300.png,collages/489_00300.jpg
1632,images/489_00330.png,masks/489_00330.png,collages/489_00330.jpg
1633,images/489_00360.png,masks/489_00360.png,collages/489_00360.jpg
1634,images/48_00120.png,masks/48_00120.png,collages/48_00120.jpg
1635,images/48_00150.png,masks/48_00150.png,collages/48_00150.jpg
1636,images/48_00180.png,masks/48_00180.png,collages/48_00180.jpg
1637,images/48_00270.png,masks/48_00270.png,collages/48_00270.jpg
1638,images/48_00330.png,masks/48_00330.png,collages/48_00330.jpg
1639,images/491_00150.png,masks/491_00150.png,collages/491_00150.jpg
1640,images/491_00180.png,masks/491_00180.png,collages/491_00180.jpg
1641,images/491_00240.png,masks/491_00240.png,collages/491_00240.jpg
1642,images/491_00270.png,masks/491_00270.png,collages/491_00270.jpg
1643,images/491_00420.png,masks/491_00420.png,collages/491_00420.jpg
1644,images/492_00030.png,masks/492_00030.png,collages/492_00030.jpg
1645,images/492_00060.png,masks/492_00060.png,collages/492_00060.jpg
1646,images/492_00090.png,masks/492_00090.png,collages/492_00090.jpg
1647,images/492_00120.png,masks/492_00120.png,collages/492_00120.jpg
1648,images/492_00150.png,masks/492_00150.png,collages/492_00150.jpg
1649,images/492_00180.png,masks/492_00180.png,collages/492_00180.jpg
1650,images/492_00210.png,masks/492_00210.png,collages/492_00210.jpg
1651,images/492_00240.png,masks/492_00240.png,collages/492_00240.jpg
1652,images/492_00270.png,masks/492_00270.png,collages/492_00270.jpg
1653,images/492_00300.png,masks/492_00300.png,collages/492_00300.jpg
1654,images/492_00330.png,masks/492_00330.png,collages/492_00330.jpg
1655,images/492_00360.png,masks/492_00360.png,collages/492_00360.jpg
1656,images/492_00390.png,masks/492_00390.png,collages/492_00390.jpg
1657,images/492_00420.png,masks/492_00420.png,collages/492_00420.jpg
1658,images/493_00030.png,masks/493_00030.png,collages/493_00030.jpg
1659,images/493_00060.png,masks/493_00060.png,collages/493_00060.jpg
1660,images/493_00090.png,masks/493_00090.png,collages/493_00090.jpg
1661,images/493_00150.png,masks/493_00150.png,collages/493_00150.jpg
1662,images/493_00180.png,masks/493_00180.png,collages/493_00180.jpg
1663,images/493_00210.png,masks/493_00210.png,collages/493_00210.jpg
1664,images/496_00030.png,masks/496_00030.png,collages/496_00030.jpg
1665,images/496_00060.png,masks/496_00060.png,collages/496_00060.jpg
1666,images/496_00090.png,masks/496_00090.png,collages/496_00090.jpg
1667,images/496_00150.png,masks/496_00150.png,collages/496_00150.jpg
1668,images/504_00030.png,masks/504_00030.png,collages/504_00030.jpg
1669,images/504_00180.png,masks/504_00180.png,collages/504_00180.jpg
1670,images/504_00360.png,masks/504_00360.png,collages/504_00360.jpg
1671,images/507_00030.png,masks/507_00030.png,collages/507_00030.jpg
1672,images/507_00060.png,masks/507_00060.png,collages/507_00060.jpg
1673,images/507_00090.png,masks/507_00090.png,collages/507_00090.jpg
1674,images/507_00120.png,masks/507_00120.png,collages/507_00120.jpg
1675,images/507_00150.png,masks/507_00150.png,collages/507_00150.jpg
1676,images/507_00180.png,masks/507_00180.png,collages/507_00180.jpg
1677,images/507_00210.png,masks/507_00210.png,collages/507_00210.jpg
1678,images/507_00330.png,masks/507_00330.png,collages/507_00330.jpg
1679,images/507_00450.png,masks/507_00450.png,collages/507_00450.jpg
1680,images/509_00150.png,masks/509_00150.png,collages/509_00150.jpg
1681,images/509_00180.png,masks/509_00180.png,collages/509_00180.jpg
1682,images/509_00210.png,masks/509_00210.png,collages/509_00210.jpg
1683,images/510_00270.png,masks/510_00270.png,collages/510_00270.jpg
1684,images/510_00300.png,masks/510_00300.png,collages/510_00300.jpg
1685,images/510_00330.png,masks/510_00330.png,collages/510_00330.jpg
1686,images/510_00390.png,masks/510_00390.png,collages/510_00390.jpg
1687,images/510_00420.png,masks/510_00420.png,collages/510_00420.jpg
1688,images/512_00060.png,masks/512_00060.png,collages/512_00060.jpg
1689,images/512_00090.png,masks/512_00090.png,collages/512_00090.jpg
1690,images/512_00120.png,masks/512_00120.png,collages/512_00120.jpg
1691,images/512_00150.png,masks/512_00150.png,collages/512_00150.jpg
1692,images/515_00030.png,masks/515_00030.png,collages/515_00030.jpg
1693,images/515_00060.png,masks/515_00060.png,collages/515_00060.jpg
1694,images/515_00090.png,masks/515_00090.png,collages/515_00090.jpg
1695,images/515_00120.png,masks/515_00120.png,collages/515_00120.jpg
1696,images/515_00180.png,masks/515_00180.png,collages/515_00180.jpg
1697,images/515_00270.png,masks/515_00270.png,collages/515_00270.jpg
1698,images/515_00300.png,masks/515_00300.png,collages/515_00300.jpg
1699,images/515_00330.png,masks/515_00330.png,collages/515_00330.jpg
1700,images/515_00360.png,masks/515_00360.png,collages/515_00360.jpg
1701,images/515_00390.png,masks/515_00390.png,collages/515_00390.jpg
1702,images/515_00420.png,masks/515_00420.png,collages/515_00420.jpg
1703,images/521_00030.png,masks/521_00030.png,collages/521_00030.jpg
1704,images/527_00030.png,masks/527_00030.png,collages/527_00030.jpg
1705,images/527_00060.png,masks/527_00060.png,collages/527_00060.jpg
1706,images/527_00090.png,masks/527_00090.png,collages/527_00090.jpg
1707,images/527_00150.png,masks/527_00150.png,collages/527_00150.jpg
1708,images/527_00180.png,masks/527_00180.png,collages/527_00180.jpg
1709,images/527_00210.png,masks/527_00210.png,collages/527_00210.jpg
1710,images/527_00240.png,masks/527_00240.png,collages/527_00240.jpg
1711,images/527_00270.png,masks/527_00270.png,collages/527_00270.jpg
1712,images/527_00300.png,masks/527_00300.png,collages/527_00300.jpg
1713,images/527_00330.png,masks/527_00330.png,collages/527_00330.jpg
1714,images/528_00030.png,masks/528_00030.png,collages/528_00030.jpg
1715,images/528_00060.png,masks/528_00060.png,collages/528_00060.jpg
1716,images/528_00120.png,masks/528_00120.png,collages/528_00120.jpg
1717,images/528_00150.png,masks/528_00150.png,collages/528_00150.jpg
1718,images/528_00180.png,masks/528_00180.png,collages/528_00180.jpg
1719,images/528_00270.png,masks/528_00270.png,collages/528_00270.jpg
1720,images/528_00300.png,masks/528_00300.png,collages/528_00300.jpg
1721,images/528_00330.png,masks/528_00330.png,collages/528_00330.jpg
1722,images/528_00360.png,masks/528_00360.png,collages/528_00360.jpg
1723,images/529_00030.png,masks/529_00030.png,collages/529_00030.jpg
1724,images/529_00060.png,masks/529_00060.png,collages/529_00060.jpg
1725,images/529_00090.png,masks/529_00090.png,collages/529_00090.jpg
1726,images/529_00120.png,masks/529_00120.png,collages/529_00120.jpg
1727,images/529_00150.png,masks/529_00150.png,collages/529_00150.jpg
1728,images/529_00180.png,masks/529_00180.png,collages/529_00180.jpg
1729,images/529_00210.png,masks/529_00210.png,collages/529_00210.jpg
1730,images/529_00240.png,masks/529_00240.png,collages/529_00240.jpg
1731,images/529_00300.png,masks/529_00300.png,collages/529_00300.jpg
1732,images/529_00330.png,masks/529_00330.png,collages/529_00330.jpg
1733,images/529_00360.png,masks/529_00360.png,collages/529_00360.jpg
1734,images/529_00390.png,masks/529_00390.png,collages/529_00390.jpg
1735,images/529_00420.png,masks/529_00420.png,collages/529_00420.jpg
1736,images/529_00450.png,masks/529_00450.png,collages/529_00450.jpg
1737,images/529_00480.png,masks/529_00480.png,collages/529_00480.jpg
1738,images/529_00510.png,masks/529_00510.png,collages/529_00510.jpg
1739,images/529_00540.png,masks/529_00540.png,collages/529_00540.jpg
1740,images/529_00570.png,masks/529_00570.png,collages/529_00570.jpg
1741,images/529_00600.png,masks/529_00600.png,collages/529_00600.jpg
1742,images/529_00630.png,masks/529_00630.png,collages/529_00630.jpg
1743,images/529_00660.png,masks/529_00660.png,collages/529_00660.jpg
1744,images/529_00690.png,masks/529_00690.png,collages/529_00690.jpg
1745,images/529_00720.png,masks/529_00720.png,collages/529_00720.jpg
1746,images/529_00750.png,masks/529_00750.png,collages/529_00750.jpg
1747,images/52_00060.png,masks/52_00060.png,collages/52_00060.jpg
1748,images/52_00090.png,masks/52_00090.png,collages/52_00090.jpg
1749,images/52_00120.png,masks/52_00120.png,collages/52_00120.jpg
1750,images/52_00150.png,masks/52_00150.png,collages/52_00150.jpg
1751,images/52_00180.png,masks/52_00180.png,collages/52_00180.jpg
1752,images/52_00210.png,masks/52_00210.png,collages/52_00210.jpg
1753,images/52_00240.png,masks/52_00240.png,collages/52_00240.jpg
1754,images/52_00270.png,masks/52_00270.png,collages/52_00270.jpg
1755,images/52_00300.png,masks/52_00300.png,collages/52_00300.jpg
1756,images/52_00330.png,masks/52_00330.png,collages/52_00330.jpg
1757,images/52_00360.png,masks/52_00360.png,collages/52_00360.jpg
1758,images/52_00390.png,masks/52_00390.png,collages/52_00390.jpg
1759,images/530_00030.png,masks/530_00030.png,collages/530_00030.jpg
1760,images/530_00060.png,masks/530_00060.png,collages/530_00060.jpg
1761,images/530_00090.png,masks/530_00090.png,collages/530_00090.jpg
1762,images/530_00120.png,masks/530_00120.png,collages/530_00120.jpg
1763,images/530_00150.png,masks/530_00150.png,collages/530_00150.jpg
1764,images/530_00180.png,masks/530_00180.png,collages/530_00180.jpg
1765,images/530_00210.png,masks/530_00210.png,collages/530_00210.jpg
1766,images/530_00240.png,masks/530_00240.png,collages/530_00240.jpg
1767,images/530_00300.png,masks/530_00300.png,collages/530_00300.jpg
1768,images/530_00360.png,masks/530_00360.png,collages/530_00360.jpg
1769,images/531_00060.png,masks/531_00060.png,collages/531_00060.jpg
1770,images/531_00090.png,masks/531_00090.png,collages/531_00090.jpg
1771,images/531_00120.png,masks/531_00120.png,collages/531_00120.jpg
1772,images/531_00150.png,masks/531_00150.png,collages/531_00150.jpg
1773,images/531_00180.png,masks/531_00180.png,collages/531_00180.jpg
1774,images/531_00210.png,masks/531_00210.png,collages/531_00210.jpg
1775,images/531_00240.png,masks/531_00240.png,collages/531_00240.jpg
1776,images/531_00270.png,masks/531_00270.png,collages/531_00270.jpg
1777,images/532_00090.png,masks/532_00090.png,collages/532_00090.jpg
1778,images/532_00120.png,masks/532_00120.png,collages/532_00120.jpg
1779,images/532_00270.png,masks/532_00270.png,collages/532_00270.jpg
1780,images/533_00060.png,masks/533_00060.png,collages/533_00060.jpg
1781,images/533_00090.png,masks/533_00090.png,collages/533_00090.jpg
1782,images/533_00150.png,masks/533_00150.png,collages/533_00150.jpg
1783,images/536_00030.png,masks/536_00030.png,collages/536_00030.jpg
1784,images/536_00060.png,masks/536_00060.png,collages/536_00060.jpg
1785,images/536_00090.png,masks/536_00090.png,collages/536_00090.jpg
1786,images/536_00120.png,masks/536_00120.png,collages/536_00120.jpg
1787,images/536_00150.png,masks/536_00150.png,collages/536_00150.jpg
1788,images/536_00180.png,masks/536_00180.png,collages/536_00180.jpg
1789,images/539_00060.png,masks/539_00060.png,collages/539_00060.jpg
1790,images/539_00090.png,masks/539_00090.png,collages/539_00090.jpg
1791,images/539_00120.png,masks/539_00120.png,collages/539_00120.jpg
1792,images/539_00180.png,masks/539_00180.png,collages/539_00180.jpg
1793,images/539_00210.png,masks/539_00210.png,collages/539_00210.jpg
1794,images/539_00240.png,masks/539_00240.png,collages/539_00240.jpg
1795,images/539_00270.png,masks/539_00270.png,collages/539_00270.jpg
1796,images/539_00300.png,masks/539_00300.png,collages/539_00300.jpg
1797,images/539_00420.png,masks/539_00420.png,collages/539_00420.jpg
1798,images/540_00150.png,masks/540_00150.png,collages/540_00150.jpg
1799,images/540_00180.png,masks/540_00180.png,collages/540_00180.jpg
1800,images/540_00300.png,masks/540_00300.png,collages/540_00300.jpg
1801,images/540_00390.png,masks/540_00390.png,collages/540_00390.jpg
1802,images/542_00030.png,masks/542_00030.png,collages/542_00030.jpg
1803,images/542_00240.png,masks/542_00240.png,collages/542_00240.jpg
1804,images/542_00390.png,masks/542_00390.png,collages/542_00390.jpg
1805,images/543_00030.png,masks/543_00030.png,collages/543_00030.jpg
1806,images/543_00090.png,masks/543_00090.png,collages/543_00090.jpg
1807,images/543_00120.png,masks/543_00120.png,collages/543_00120.jpg
1808,images/543_00180.png,masks/543_00180.png,collages/543_00180.jpg
1809,images/543_00330.png,masks/543_00330.png,collages/543_00330.jpg
1810,images/543_00390.png,masks/543_00390.png,collages/543_00390.jpg
1811,images/545_00030.png,masks/545_00030.png,collages/545_00030.jpg
1812,images/545_00060.png,masks/545_00060.png,collages/545_00060.jpg
1813,images/545_00090.png,masks/545_00090.png,collages/545_00090.jpg
1814,images/545_00180.png,masks/545_00180.png,collages/545_00180.jpg
1815,images/545_00210.png,masks/545_00210.png,collages/545_00210.jpg
1816,images/545_00270.png,masks/545_00270.png,collages/545_00270.jpg
1817,images/547_00030.png,masks/547_00030.png,collages/547_00030.jpg
1818,images/548_00120.png,masks/548_00120.png,collages/548_00120.jpg
1819,images/548_00240.png,masks/548_00240.png,collages/548_00240.jpg
1820,images/548_00330.png,masks/548_00330.png,collages/548_00330.jpg
1821,images/548_00450.png,masks/548_00450.png,collages/548_00450.jpg
1822,images/54_00030.png,masks/54_00030.png,collages/54_00030.jpg
1823,images/54_00060.png,masks/54_00060.png,collages/54_00060.jpg
1824,images/54_00090.png,masks/54_00090.png,collages/54_00090.jpg
1825,images/54_00120.png,masks/54_00120.png,collages/54_00120.jpg
1826,images/54_00150.png,masks/54_00150.png,collages/54_00150.jpg
1827,images/54_00210.png,masks/54_00210.png,collages/54_00210.jpg
1828,images/54_00240.png,masks/54_00240.png,collages/54_00240.jpg
1829,images/54_00300.png,masks/54_00300.png,collages/54_00300.jpg
1830,images/54_00360.png,masks/54_00360.png,collages/54_00360.jpg
1831,images/54_00390.png,masks/54_00390.png,collages/54_00390.jpg
1832,images/550_00030.png,masks/550_00030.png,collages/550_00030.jpg
1833,images/550_00090.png,masks/550_00090.png,collages/550_00090.jpg
1834,images/550_00120.png,masks/550_00120.png,collages/550_00120.jpg
1835,images/551_00450.png,masks/551_00450.png,collages/551_00450.jpg
1836,images/552_00030.png,masks/552_00030.png,collages/552_00030.jpg
1837,images/552_00060.png,masks/552_00060.png,collages/552_00060.jpg
1838,images/552_00180.png,masks/552_00180.png,collages/552_00180.jpg
1839,images/552_00390.png,masks/552_00390.png,collages/552_00390.jpg
1840,images/553_00210.png,masks/553_00210.png,collages/553_00210.jpg
1841,images/553_00300.png,masks/553_00300.png,collages/553_00300.jpg
1842,images/554_00030.png,masks/554_00030.png,collages/554_00030.jpg
1843,images/554_00120.png,masks/554_00120.png,collages/554_00120.jpg
1844,images/554_00150.png,masks/554_00150.png,collages/554_00150.jpg
1845,images/554_00270.png,masks/554_00270.png,collages/554_00270.jpg
1846,images/554_00360.png,masks/554_00360.png,collages/554_00360.jpg
1847,images/556_00030.png,masks/556_00030.png,collages/556_00030.jpg
1848,images/556_00090.png,masks/556_00090.png,collages/556_00090.jpg
1849,images/556_00120.png,masks/556_00120.png,collages/556_00120.jpg
1850,images/556_00150.png,masks/556_00150.png,collages/556_00150.jpg
1851,images/556_00180.png,masks/556_00180.png,collages/556_00180.jpg
1852,images/556_00270.png,masks/556_00270.png,collages/556_00270.jpg
1853,images/556_00390.png,masks/556_00390.png,collages/556_00390.jpg
1854,images/561_00030.png,masks/561_00030.png,collages/561_00030.jpg
1855,images/561_00060.png,masks/561_00060.png,collages/561_00060.jpg
1856,images/561_00270.png,masks/561_00270.png,collages/561_00270.jpg
1857,images/563_00090.png,masks/563_00090.png,collages/563_00090.jpg
1858,images/563_00120.png,masks/563_00120.png,collages/563_00120.jpg
1859,images/563_00180.png,masks/563_00180.png,collages/563_00180.jpg
1860,images/563_00210.png,masks/563_00210.png,collages/563_00210.jpg
1861,images/563_00240.png,masks/563_00240.png,collages/563_00240.jpg
1862,images/563_00270.png,masks/563_00270.png,collages/563_00270.jpg
1863,images/563_00360.png,masks/563_00360.png,collages/563_00360.jpg
1864,images/563_00450.png,masks/563_00450.png,collages/563_00450.jpg
1865,images/565_00060.png,masks/565_00060.png,collages/565_00060.jpg
1866,images/565_00090.png,masks/565_00090.png,collages/565_00090.jpg
1867,images/565_00180.png,masks/565_00180.png,collages/565_00180.jpg
1868,images/565_00210.png,masks/565_00210.png,collages/565_00210.jpg
1869,images/565_00330.png,masks/565_00330.png,collages/565_00330.jpg
1870,images/567_00030.png,masks/567_00030.png,collages/567_00030.jpg
1871,images/567_00120.png,masks/567_00120.png,collages/567_00120.jpg
1872,images/567_00180.png,masks/567_00180.png,collages/567_00180.jpg
1873,images/567_00210.png,masks/567_00210.png,collages/567_00210.jpg
1874,images/567_00270.png,masks/567_00270.png,collages/567_00270.jpg
1875,images/567_00330.png,masks/567_00330.png,collages/567_00330.jpg
1876,images/567_00390.png,masks/567_00390.png,collages/567_00390.jpg
1877,images/56_00030.png,masks/56_00030.png,collages/56_00030.jpg
1878,images/56_00090.png,masks/56_00090.png,collages/56_00090.jpg
1879,images/56_00120.png,masks/56_00120.png,collages/56_00120.jpg
1880,images/56_00180.png,masks/56_00180.png,collages/56_00180.jpg
1881,images/56_00210.png,masks/56_00210.png,collages/56_00210.jpg
1882,images/56_00240.png,masks/56_00240.png,collages/56_00240.jpg
1883,images/570_00060.png,masks/570_00060.png,collages/570_00060.jpg
1884,images/570_00090.png,masks/570_00090.png,collages/570_00090.jpg
1885,images/570_00120.png,masks/570_00120.png,collages/570_00120.jpg
1886,images/570_00150.png,masks/570_00150.png,collages/570_00150.jpg
1887,images/570_00180.png,masks/570_00180.png,collages/570_00180.jpg
1888,images/570_00210.png,masks/570_00210.png,collages/570_00210.jpg
1889,images/570_00240.png,masks/570_00240.png,collages/570_00240.jpg
1890,images/572_00030.png,masks/572_00030.png,collages/572_00030.jpg
1891,images/572_00060.png,masks/572_00060.png,collages/572_00060.jpg
1892,images/572_00150.png,masks/572_00150.png,collages/572_00150.jpg
1893,images/572_00180.png,masks/572_00180.png,collages/572_00180.jpg
1894,images/572_00240.png,masks/572_00240.png,collages/572_00240.jpg
1895,images/572_00360.png,masks/572_00360.png,collages/572_00360.jpg
1896,images/572_00390.png,masks/572_00390.png,collages/572_00390.jpg
1897,images/572_00450.png,masks/572_00450.png,collages/572_00450.jpg
1898,images/573_00030.png,masks/573_00030.png,collages/573_00030.jpg
1899,images/573_00060.png,masks/573_00060.png,collages/573_00060.jpg
1900,images/573_00090.png,masks/573_00090.png,collages/573_00090.jpg
1901,images/573_00120.png,masks/573_00120.png,collages/573_00120.jpg
1902,images/573_00180.png,masks/573_00180.png,collages/573_00180.jpg
1903,images/573_00240.png,masks/573_00240.png,collages/573_00240.jpg
1904,images/573_00270.png,masks/573_00270.png,collages/573_00270.jpg
1905,images/573_00330.png,masks/573_00330.png,collages/573_00330.jpg
1906,images/573_00360.png,masks/573_00360.png,collages/573_00360.jpg
1907,images/573_00420.png,masks/573_00420.png,collages/573_00420.jpg
1908,images/574_00030.png,masks/574_00030.png,collages/574_00030.jpg
1909,images/574_00090.png,masks/574_00090.png,collages/574_00090.jpg
1910,images/574_00150.png,masks/574_00150.png,collages/574_00150.jpg
1911,images/574_00210.png,masks/574_00210.png,collages/574_00210.jpg
1912,images/574_00270.png,masks/574_00270.png,collages/574_00270.jpg
1913,images/577_00030.png,masks/577_00030.png,collages/577_00030.jpg
1914,images/577_00060.png,masks/577_00060.png,collages/577_00060.jpg
1915,images/577_00090.png,masks/577_00090.png,collages/577_00090.jpg
1916,images/577_00180.png,masks/577_00180.png,collages/577_00180.jpg
1917,images/578_00030.png,masks/578_00030.png,collages/578_00030.jpg
1918,images/578_00210.png,masks/578_00210.png,collages/578_00210.jpg
1919,images/57_00120.png,masks/57_00120.png,collages/57_00120.jpg
1920,images/57_00150.png,masks/57_00150.png,collages/57_00150.jpg
1921,images/57_00180.png,masks/57_00180.png,collages/57_00180.jpg
1922,images/57_00210.png,masks/57_00210.png,collages/57_00210.jpg
1923,images/57_00240.png,masks/57_00240.png,collages/57_00240.jpg
1924,images/57_00270.png,masks/57_00270.png,collages/57_00270.jpg
1925,images/57_00300.png,masks/57_00300.png,collages/57_00300.jpg
1926,images/57_00330.png,masks/57_00330.png,collages/57_00330.jpg
1927,images/57_00360.png,masks/57_00360.png,collages/57_00360.jpg
1928,images/580_00030.png,masks/580_00030.png,collages/580_00030.jpg
1929,images/580_00060.png,masks/580_00060.png,collages/580_00060.jpg
1930,images/581_00060.png,masks/581_00060.png,collages/581_00060.jpg
1931,images/583_00270.png,masks/583_00270.png,collages/583_00270.jpg
1932,images/583_00330.png,masks/583_00330.png,collages/583_00330.jpg
1933,images/587_00090.png,masks/587_00090.png,collages/587_00090.jpg
1934,images/587_00150.png,masks/587_00150.png,collages/587_00150.jpg
1935,images/587_00210.png,masks/587_00210.png,collages/587_00210.jpg
1936,images/587_00300.png,masks/587_00300.png,collages/587_00300.jpg
1937,images/587_00360.png,masks/587_00360.png,collages/587_00360.jpg
1938,images/591_00030.png,masks/591_00030.png,collages/591_00030.jpg
1939,images/591_00060.png,masks/591_00060.png,collages/591_00060.jpg
1940,images/591_00090.png,masks/591_00090.png,collages/591_00090.jpg
1941,images/591_00120.png,masks/591_00120.png,collages/591_00120.jpg
1942,images/591_00150.png,masks/591_00150.png,collages/591_00150.jpg
1943,images/591_00180.png,masks/591_00180.png,collages/591_00180.jpg
1944,images/591_00210.png,masks/591_00210.png,collages/591_00210.jpg
1945,images/591_00270.png,masks/591_00270.png,collages/591_00270.jpg
1946,images/591_00330.png,masks/591_00330.png,collages/591_00330.jpg
1947,images/591_00360.png,masks/591_00360.png,collages/591_00360.jpg
1948,images/591_00390.png,masks/591_00390.png,collages/591_00390.jpg
1949,images/591_00420.png,masks/591_00420.png,collages/591_00420.jpg
1950,images/593_00030.png,masks/593_00030.png,collages/593_00030.jpg
1951,images/593_00060.png,masks/593_00060.png,collages/593_00060.jpg
1952,images/593_00090.png,masks/593_00090.png,collages/593_00090.jpg
1953,images/593_00120.png,masks/593_00120.png,collages/593_00120.jpg
1954,images/593_00150.png,masks/593_00150.png,collages/593_00150.jpg
1955,images/593_00360.png,masks/593_00360.png,collages/593_00360.jpg
1956,images/599_00030.png,masks/599_00030.png,collages/599_00030.jpg
1957,images/599_00120.png,masks/599_00120.png,collages/599_00120.jpg
1958,images/599_00150.png,masks/599_00150.png,collages/599_00150.jpg
1959,images/599_00180.png,masks/599_00180.png,collages/599_00180.jpg
1960,images/599_00210.png,masks/599_00210.png,collages/599_00210.jpg
1961,images/599_00240.png,masks/599_00240.png,collages/599_00240.jpg
1962,images/599_00270.png,masks/599_00270.png,collages/599_00270.jpg
1963,images/599_00300.png,masks/599_00300.png,collages/599_00300.jpg
1964,images/599_00330.png,masks/599_00330.png,collages/599_00330.jpg
1965,images/599_00360.png,masks/599_00360.png,collages/599_00360.jpg
1966,images/599_00390.png,masks/599_00390.png,collages/599_00390.jpg
1967,images/59_00030.png,masks/59_00030.png,collages/59_00030.jpg
1968,images/59_00060.png,masks/59_00060.png,collages/59_00060.jpg
1969,images/59_00120.png,masks/59_00120.png,collages/59_00120.jpg
1970,images/59_00390.png,masks/59_00390.png,collages/59_00390.jpg
1971,images/5_00030.png,masks/5_00030.png,collages/5_00030.jpg
1972,images/5_00090.png,masks/5_00090.png,collages/5_00090.jpg
1973,images/5_00120.png,masks/5_00120.png,collages/5_00120.jpg
1974,images/5_00150.png,masks/5_00150.png,collages/5_00150.jpg
1975,images/5_00210.png,masks/5_00210.png,collages/5_00210.jpg
1976,images/5_00240.png,masks/5_00240.png,collages/5_00240.jpg
1977,images/5_00270.png,masks/5_00270.png,collages/5_00270.jpg
1978,images/5_00300.png,masks/5_00300.png,collages/5_00300.jpg
1979,images/5_00330.png,masks/5_00330.png,collages/5_00330.jpg
1980,images/5_00360.png,masks/5_00360.png,collages/5_00360.jpg
1981,images/602_00030.png,masks/602_00030.png,collages/602_00030.jpg
1982,images/602_00060.png,masks/602_00060.png,collages/602_00060.jpg
1983,images/602_00090.png,masks/602_00090.png,collages/602_00090.jpg
1984,images/602_00210.png,masks/602_00210.png,collages/602_00210.jpg
1985,images/602_00360.png,masks/602_00360.png,collages/602_00360.jpg
1986,images/602_00420.png,masks/602_00420.png,collages/602_00420.jpg
1987,images/603_00120.png,masks/603_00120.png,collages/603_00120.jpg
1988,images/603_00150.png,masks/603_00150.png,collages/603_00150.jpg
1989,images/603_00180.png,masks/603_00180.png,collages/603_00180.jpg
1990,images/603_00210.png,masks/603_00210.png,collages/603_00210.jpg
1991,images/603_00240.png,masks/603_00240.png,collages/603_00240.jpg
1992,images/603_00270.png,masks/603_00270.png,collages/603_00270.jpg
1993,images/603_00330.png,masks/603_00330.png,collages/603_00330.jpg
1994,images/603_00360.png,masks/603_00360.png,collages/603_00360.jpg
1995,images/603_00390.png,masks/603_00390.png,collages/603_00390.jpg
1996,images/603_00420.png,masks/603_00420.png,collages/603_00420.jpg
1997,images/603_00450.png,masks/603_00450.png,collages/603_00450.jpg
1998,images/605_00030.png,masks/605_00030.png,collages/605_00030.jpg
1999,images/605_00060.png,masks/605_00060.png,collages/605_00060.jpg
2000,images/605_00090.png,masks/605_00090.png,collages/605_00090.jpg
2001,images/605_00120.png,masks/605_00120.png,collages/605_00120.jpg
2002,images/605_00150.png,masks/605_00150.png,collages/605_00150.jpg
2003,images/605_00180.png,masks/605_00180.png,collages/605_00180.jpg
2004,images/605_00210.png,masks/605_00210.png,collages/605_00210.jpg
2005,images/605_00240.png,masks/605_00240.png,collages/605_00240.jpg
2006,images/605_00270.png,masks/605_00270.png,collages/605_00270.jpg
2007,images/605_00300.png,masks/605_00300.png,collages/605_00300.jpg
2008,images/605_00360.png,masks/605_00360.png,collages/605_00360.jpg
2009,images/605_00390.png,masks/605_00390.png,collages/605_00390.jpg
2010,images/605_00420.png,masks/605_00420.png,collages/605_00420.jpg
2011,images/606_00030.png,masks/606_00030.png,collages/606_00030.jpg
2012,images/606_00060.png,masks/606_00060.png,collages/606_00060.jpg
2013,images/606_00090.png,masks/606_00090.png,collages/606_00090.jpg
2014,images/606_00120.png,masks/606_00120.png,collages/606_00120.jpg
2015,images/606_00240.png,masks/606_00240.png,collages/606_00240.jpg
2016,images/607_00030.png,masks/607_00030.png,collages/607_00030.jpg
2017,images/607_00060.png,masks/607_00060.png,collages/607_00060.jpg
2018,images/607_00210.png,masks/607_00210.png,collages/607_00210.jpg
2019,images/607_00240.png,masks/607_00240.png,collages/607_00240.jpg
2020,images/608_00060.png,masks/608_00060.png,collages/608_00060.jpg
2021,images/608_00090.png,masks/608_00090.png,collages/608_00090.jpg
2022,images/608_00120.png,masks/608_00120.png,collages/608_00120.jpg
2023,images/612_00030.png,masks/612_00030.png,collages/612_00030.jpg
2024,images/612_00060.png,masks/612_00060.png,collages/612_00060.jpg
2025,images/612_00090.png,masks/612_00090.png,collages/612_00090.jpg
2026,images/612_00120.png,masks/612_00120.png,collages/612_00120.jpg
2027,images/612_00150.png,masks/612_00150.png,collages/612_00150.jpg
2028,images/612_00180.png,masks/612_00180.png,collages/612_00180.jpg
2029,images/612_00210.png,masks/612_00210.png,collages/612_00210.jpg
2030,images/612_00240.png,masks/612_00240.png,collages/612_00240.jpg
2031,images/612_00270.png,masks/612_00270.png,collages/612_00270.jpg
2032,images/612_00300.png,masks/612_00300.png,collages/612_00300.jpg
2033,images/612_00330.png,masks/612_00330.png,collages/612_00330.jpg
2034,images/612_00360.png,masks/612_00360.png,collages/612_00360.jpg
2035,images/612_00390.png,masks/612_00390.png,collages/612_00390.jpg
2036,images/612_00420.png,masks/612_00420.png,collages/612_00420.jpg
2037,images/615_00030.png,masks/615_00030.png,collages/615_00030.jpg
2038,images/615_00150.png,masks/615_00150.png,collages/615_00150.jpg
2039,images/616_00030.png,masks/616_00030.png,collages/616_00030.jpg
2040,images/616_00060.png,masks/616_00060.png,collages/616_00060.jpg
2041,images/616_00090.png,masks/616_00090.png,collages/616_00090.jpg
2042,images/616_00120.png,masks/616_00120.png,collages/616_00120.jpg
2043,images/616_00420.png,masks/616_00420.png,collages/616_00420.jpg
2044,images/616_00450.png,masks/616_00450.png,collages/616_00450.jpg
2045,images/620_00060.png,masks/620_00060.png,collages/620_00060.jpg
2046,images/620_00360.png,masks/620_00360.png,collages/620_00360.jpg
2047,images/621_00060.png,masks/621_00060.png,collages/621_00060.jpg
2048,images/621_00090.png,masks/621_00090.png,collages/621_00090.jpg
2049,images/622_00060.png,masks/622_00060.png,collages/622_00060.jpg
2050,images/624_00030.png,masks/624_00030.png,collages/624_00030.jpg
2051,images/624_00060.png,masks/624_00060.png,collages/624_00060.jpg
2052,images/624_00090.png,masks/624_00090.png,collages/624_00090.jpg
2053,images/624_00120.png,masks/624_00120.png,collages/624_00120.jpg
2054,images/624_00180.png,masks/624_00180.png,collages/624_00180.jpg
2055,images/624_00210.png,masks/624_00210.png,collages/624_00210.jpg
2056,images/624_00270.png,masks/624_00270.png,collages/624_00270.jpg
2057,images/624_00300.png,masks/624_00300.png,collages/624_00300.jpg
2058,images/624_00330.png,masks/624_00330.png,collages/624_00330.jpg
2059,images/624_00360.png,masks/624_00360.png,collages/624_00360.jpg
2060,images/624_00390.png,masks/624_00390.png,collages/624_00390.jpg
2061,images/626_00030.png,masks/626_00030.png,collages/626_00030.jpg
2062,images/626_00090.png,masks/626_00090.png,collages/626_00090.jpg
2063,images/626_00270.png,masks/626_00270.png,collages/626_00270.jpg
2064,images/626_00330.png,masks/626_00330.png,collages/626_00330.jpg
2065,images/627_00030.png,masks/627_00030.png,collages/627_00030.jpg
2066,images/627_00060.png,masks/627_00060.png,collages/627_00060.jpg
2067,images/627_00090.png,masks/627_00090.png,collages/627_00090.jpg
2068,images/627_00120.png,masks/627_00120.png,collages/627_00120.jpg
2069,images/627_00150.png,masks/627_00150.png,collages/627_00150.jpg
2070,images/627_00180.png,masks/627_00180.png,collages/627_00180.jpg
2071,images/627_00210.png,masks/627_00210.png,collages/627_00210.jpg
2072,images/627_00240.png,masks/627_00240.png,collages/627_00240.jpg
2073,images/627_00270.png,masks/627_00270.png,collages/627_00270.jpg
2074,images/627_00300.png,masks/627_00300.png,collages/627_00300.jpg
2075,images/627_00330.png,masks/627_00330.png,collages/627_00330.jpg
2076,images/627_00360.png,masks/627_00360.png,collages/627_00360.jpg
2077,images/627_00390.png,masks/627_00390.png,collages/627_00390.jpg
2078,images/627_00420.png,masks/627_00420.png,collages/627_00420.jpg
2079,images/62_00030.png,masks/62_00030.png,collages/62_00030.jpg
2080,images/62_00060.png,masks/62_00060.png,collages/62_00060.jpg
2081,images/62_00090.png,masks/62_00090.png,collages/62_00090.jpg
2082,images/62_00120.png,masks/62_00120.png,collages/62_00120.jpg
2083,images/62_00150.png,masks/62_00150.png,collages/62_00150.jpg
2084,images/62_00180.png,masks/62_00180.png,collages/62_00180.jpg
2085,images/62_00210.png,masks/62_00210.png,collages/62_00210.jpg
2086,images/62_00240.png,masks/62_00240.png,collages/62_00240.jpg
2087,images/62_00270.png,masks/62_00270.png,collages/62_00270.jpg
2088,images/62_00300.png,masks/62_00300.png,collages/62_00300.jpg
2089,images/62_00330.png,masks/62_00330.png,collages/62_00330.jpg
2090,images/62_00360.png,masks/62_00360.png,collages/62_00360.jpg
2091,images/62_00390.png,masks/62_00390.png,collages/62_00390.jpg
2092,images/62_00420.png,masks/62_00420.png,collages/62_00420.jpg
2093,images/62_00450.png,masks/62_00450.png,collages/62_00450.jpg
2094,images/630_00180.png,masks/630_00180.png,collages/630_00180.jpg
2095,images/630_00330.png,masks/630_00330.png,collages/630_00330.jpg
2096,images/630_00360.png,masks/630_00360.png,collages/630_00360.jpg
2097,images/630_00390.png,masks/630_00390.png,collages/630_00390.jpg
2098,images/630_00420.png,masks/630_00420.png,collages/630_00420.jpg
2099,images/633_00030.png,masks/633_00030.png,collages/633_00030.jpg
2100,images/633_00060.png,masks/633_00060.png,collages/633_00060.jpg
2101,images/633_00090.png,masks/633_00090.png,collages/633_00090.jpg
2102,images/633_00120.png,masks/633_00120.png,collages/633_00120.jpg
2103,images/633_00150.png,masks/633_00150.png,collages/633_00150.jpg
2104,images/633_00180.png,masks/633_00180.png,collages/633_00180.jpg
2105,images/633_00210.png,masks/633_00210.png,collages/633_00210.jpg
2106,images/633_00300.png,masks/633_00300.png,collages/633_00300.jpg
2107,images/633_00330.png,masks/633_00330.png,collages/633_00330.jpg
2108,images/633_00360.png,masks/633_00360.png,collages/633_00360.jpg
2109,images/633_00390.png,masks/633_00390.png,collages/633_00390.jpg
2110,images/633_00420.png,masks/633_00420.png,collages/633_00420.jpg
2111,images/636_00390.png,masks/636_00390.png,collages/636_00390.jpg
2112,images/639_00090.png,masks/639_00090.png,collages/639_00090.jpg
2113,images/639_00150.png,masks/639_00150.png,collages/639_00150.jpg
2114,images/639_00180.png,masks/639_00180.png,collages/639_00180.jpg
2115,images/639_00210.png,masks/639_00210.png,collages/639_00210.jpg
2116,images/639_00240.png,masks/639_00240.png,collages/639_00240.jpg
2117,images/639_00270.png,masks/639_00270.png,collages/639_00270.jpg
2118,images/639_00300.png,masks/639_00300.png,collages/639_00300.jpg
2119,images/639_00330.png,masks/639_00330.png,collages/639_00330.jpg
2120,images/639_00360.png,masks/639_00360.png,collages/639_00360.jpg
2121,images/639_00420.png,masks/639_00420.png,collages/639_00420.jpg
2122,images/644_00060.png,masks/644_00060.png,collages/644_00060.jpg
2123,images/644_00090.png,masks/644_00090.png,collages/644_00090.jpg
2124,images/644_00150.png,masks/644_00150.png,collages/644_00150.jpg
2125,images/644_00180.png,masks/644_00180.png,collages/644_00180.jpg
2126,images/644_00210.png,masks/644_00210.png,collages/644_00210.jpg
2127,images/644_00390.png,masks/644_00390.png,collages/644_00390.jpg
2128,images/648_00090.png,masks/648_00090.png,collages/648_00090.jpg
2129,images/648_00120.png,masks/648_00120.png,collages/648_00120.jpg
2130,images/648_00150.png,masks/648_00150.png,collages/648_00150.jpg
2131,images/648_00180.png,masks/648_00180.png,collages/648_00180.jpg
2132,images/648_00210.png,masks/648_00210.png,collages/648_00210.jpg
2133,images/648_00240.png,masks/648_00240.png,collages/648_00240.jpg
2134,images/648_00270.png,masks/648_00270.png,collages/648_00270.jpg
2135,images/648_00300.png,masks/648_00300.png,collages/648_00300.jpg
2136,images/648_00330.png,masks/648_00330.png,collages/648_00330.jpg
2137,images/648_00360.png,masks/648_00360.png,collages/648_00360.jpg
2138,images/648_00390.png,masks/648_00390.png,collages/648_00390.jpg
2139,images/649_00030.png,masks/649_00030.png,collages/649_00030.jpg
2140,images/649_00060.png,masks/649_00060.png,collages/649_00060.jpg
2141,images/649_00090.png,masks/649_00090.png,collages/649_00090.jpg
2142,images/649_00210.png,masks/649_00210.png,collages/649_00210.jpg
2143,images/649_00300.png,masks/649_00300.png,collages/649_00300.jpg
2144,images/649_00330.png,masks/649_00330.png,collages/649_00330.jpg
2145,images/64_00090.png,masks/64_00090.png,collages/64_00090.jpg
2146,images/64_00180.png,masks/64_00180.png,collages/64_00180.jpg
2147,images/64_00210.png,masks/64_00210.png,collages/64_00210.jpg
2148,images/651_00090.png,masks/651_00090.png,collages/651_00090.jpg
2149,images/651_00420.png,masks/651_00420.png,collages/651_00420.jpg
2150,images/652_00030.png,masks/652_00030.png,collages/652_00030.jpg
2151,images/652_00060.png,masks/652_00060.png,collages/652_00060.jpg
2152,images/652_00120.png,masks/652_00120.png,collages/652_00120.jpg
2153,images/652_00180.png,masks/652_00180.png,collages/652_00180.jpg
2154,images/652_00270.png,masks/652_00270.png,collages/652_00270.jpg
2155,images/652_00300.png,masks/652_00300.png,collages/652_00300.jpg
2156,images/653_00120.png,masks/653_00120.png,collages/653_00120.jpg
2157,images/653_00210.png,masks/653_00210.png,collages/653_00210.jpg
2158,images/654_00030.png,masks/654_00030.png,collages/654_00030.jpg
2159,images/654_00060.png,masks/654_00060.png,collages/654_00060.jpg
2160,images/654_00150.png,masks/654_00150.png,collages/654_00150.jpg
2161,images/656_00030.png,masks/656_00030.png,collages/656_00030.jpg
2162,images/656_00060.png,masks/656_00060.png,collages/656_00060.jpg
2163,images/656_00090.png,masks/656_00090.png,collages/656_00090.jpg
2164,images/656_00120.png,masks/656_00120.png,collages/656_00120.jpg
2165,images/656_00210.png,masks/656_00210.png,collages/656_00210.jpg
2166,images/656_00270.png,masks/656_00270.png,collages/656_00270.jpg
2167,images/656_00330.png,masks/656_00330.png,collages/656_00330.jpg
2168,images/656_00360.png,masks/656_00360.png,collages/656_00360.jpg
2169,images/656_00390.png,masks/656_00390.png,collages/656_00390.jpg
2170,images/656_00420.png,masks/656_00420.png,collages/656_00420.jpg
2171,images/65_00030.png,masks/65_00030.png,collages/65_00030.jpg
2172,images/65_00060.png,masks/65_00060.png,collages/65_00060.jpg
2173,images/65_00090.png,masks/65_00090.png,collages/65_00090.jpg
2174,images/65_00120.png,masks/65_00120.png,collages/65_00120.jpg
2175,images/65_00150.png,masks/65_00150.png,collages/65_00150.jpg
2176,images/65_00240.png,masks/65_00240.png,collages/65_00240.jpg
2177,images/65_00330.png,masks/65_00330.png,collages/65_00330.jpg
2178,images/65_00360.png,masks/65_00360.png,collages/65_00360.jpg
2179,images/660_00150.png,masks/660_00150.png,collages/660_00150.jpg
2180,images/660_00360.png,masks/660_00360.png,collages/660_00360.jpg
2181,images/662_00360.png,masks/662_00360.png,collages/662_00360.jpg
2182,images/669_00090.png,masks/669_00090.png,collages/669_00090.jpg
2183,images/669_00120.png,masks/669_00120.png,collages/669_00120.jpg
2184,images/669_00150.png,masks/669_00150.png,collages/669_00150.jpg
2185,images/669_00180.png,masks/669_00180.png,collages/669_00180.jpg
2186,images/669_00210.png,masks/669_00210.png,collages/669_00210.jpg
2187,images/669_00240.png,masks/669_00240.png,collages/669_00240.jpg
2188,images/669_00270.png,masks/669_00270.png,collages/669_00270.jpg
2189,images/669_00300.png,masks/669_00300.png,collages/669_00300.jpg
2190,images/670_00030.png,masks/670_00030.png,collages/670_00030.jpg
2191,images/670_00060.png,masks/670_00060.png,collages/670_00060.jpg
2192,images/670_00090.png,masks/670_00090.png,collages/670_00090.jpg
2193,images/670_00120.png,masks/670_00120.png,collages/670_00120.jpg
2194,images/670_00150.png,masks/670_00150.png,collages/670_00150.jpg
2195,images/670_00180.png,masks/670_00180.png,collages/670_00180.jpg
2196,images/670_00210.png,masks/670_00210.png,collages/670_00210.jpg
2197,images/670_00240.png,masks/670_00240.png,collages/670_00240.jpg
2198,images/670_00270.png,masks/670_00270.png,collages/670_00270.jpg
2199,images/670_00300.png,masks/670_00300.png,collages/670_00300.jpg
2200,images/670_00390.png,masks/670_00390.png,collages/670_00390.jpg
2201,images/671_00360.png,masks/671_00360.png,collages/671_00360.jpg
2202,images/672_00060.png,masks/672_00060.png,collages/672_00060.jpg
2203,images/672_00090.png,masks/672_00090.png,collages/672_00090.jpg
2204,images/672_00120.png,masks/672_00120.png,collages/672_00120.jpg
2205,images/672_00180.png,masks/672_00180.png,collages/672_00180.jpg
2206,images/672_00210.png,masks/672_00210.png,collages/672_00210.jpg
2207,images/672_00240.png,masks/672_00240.png,collages/672_00240.jpg
2208,images/672_00270.png,masks/672_00270.png,collages/672_00270.jpg
2209,images/672_00300.png,masks/672_00300.png,collages/672_00300.jpg
2210,images/672_00330.png,masks/672_00330.png,collages/672_00330.jpg
2211,images/672_00360.png,masks/672_00360.png,collages/672_00360.jpg
2212,images/672_00390.png,masks/672_00390.png,collages/672_00390.jpg
2213,images/672_00420.png,masks/672_00420.png,collages/672_00420.jpg
2214,images/674_00060.png,masks/674_00060.png,collages/674_00060.jpg
2215,images/674_00090.png,masks/674_00090.png,collages/674_00090.jpg
2216,images/674_00120.png,masks/674_00120.png,collages/674_00120.jpg
2217,images/674_00210.png,masks/674_00210.png,collages/674_00210.jpg
2218,images/674_00240.png,masks/674_00240.png,collages/674_00240.jpg
2219,images/674_00270.png,masks/674_00270.png,collages/674_00270.jpg
2220,images/675_00030.png,masks/675_00030.png,collages/675_00030.jpg
2221,images/675_00120.png,masks/675_00120.png,collages/675_00120.jpg
2222,images/675_00180.png,masks/675_00180.png,collages/675_00180.jpg
2223,images/675_00330.png,masks/675_00330.png,collages/675_00330.jpg
2224,images/675_00360.png,masks/675_00360.png,collages/675_00360.jpg
2225,images/675_00390.png,masks/675_00390.png,collages/675_00390.jpg
2226,images/675_00420.png,masks/675_00420.png,collages/675_00420.jpg
2227,images/675_00450.png,masks/675_00450.png,collages/675_00450.jpg
2228,images/677_00120.png,masks/677_00120.png,collages/677_00120.jpg
2229,images/677_00150.png,masks/677_00150.png,collages/677_00150.jpg
2230,images/677_00180.png,masks/677_00180.png,collages/677_00180.jpg
2231,images/677_00240.png,masks/677_00240.png,collages/677_00240.jpg
2232,images/677_00270.png,masks/677_00270.png,collages/677_00270.jpg
2233,images/677_00300.png,masks/677_00300.png,collages/677_00300.jpg
2234,images/677_00330.png,masks/677_00330.png,collages/677_00330.jpg
2235,images/677_00360.png,masks/677_00360.png,collages/677_00360.jpg
2236,images/678_00150.png,masks/678_00150.png,collages/678_00150.jpg
2237,images/678_00450.png,masks/678_00450.png,collages/678_00450.jpg
2238,images/67_00090.png,masks/67_00090.png,collages/67_00090.jpg
2239,images/67_00120.png,masks/67_00120.png,collages/67_00120.jpg
2240,images/67_00150.png,masks/67_00150.png,collages/67_00150.jpg
2241,images/67_00180.png,masks/67_00180.png,collages/67_00180.jpg
2242,images/67_00210.png,masks/67_00210.png,collages/67_00210.jpg
2243,images/67_00240.png,masks/67_00240.png,collages/67_00240.jpg
2244,images/67_00270.png,masks/67_00270.png,collages/67_00270.jpg
2245,images/67_00300.png,masks/67_00300.png,collages/67_00300.jpg
2246,images/67_00330.png,masks/67_00330.png,collages/67_00330.jpg
2247,images/67_00360.png,masks/67_00360.png,collages/67_00360.jpg
2248,images/67_00390.png,masks/67_00390.png,collages/67_00390.jpg
2249,images/67_00420.png,masks/67_00420.png,collages/67_00420.jpg
2250,images/681_00030.png,masks/681_00030.png,collages/681_00030.jpg
2251,images/681_00060.png,masks/681_00060.png,collages/681_00060.jpg
2252,images/681_00090.png,masks/681_00090.png,collages/681_00090.jpg
2253,images/681_00120.png,masks/681_00120.png,collages/681_00120.jpg
2254,images/681_00150.png,masks/681_00150.png,collages/681_00150.jpg
2255,images/681_00180.png,masks/681_00180.png,collages/681_00180.jpg
2256,images/681_00210.png,masks/681_00210.png,collages/681_00210.jpg
2257,images/681_00240.png,masks/681_00240.png,collages/681_00240.jpg
2258,images/681_00300.png,masks/681_00300.png,collages/681_00300.jpg
2259,images/681_00330.png,masks/681_00330.png,collages/681_00330.jpg
2260,images/681_00360.png,masks/681_00360.png,collages/681_00360.jpg
2261,images/681_00390.png,masks/681_00390.png,collages/681_00390.jpg
2262,images/683_00120.png,masks/683_00120.png,collages/683_00120.jpg
2263,images/684_00180.png,masks/684_00180.png,collages/684_00180.jpg
2264,images/684_00210.png,masks/684_00210.png,collages/684_00210.jpg
2265,images/684_00240.png,masks/684_00240.png,collages/684_00240.jpg
2266,images/688_00090.png,masks/688_00090.png,collages/688_00090.jpg
2267,images/688_00210.png,masks/688_00210.png,collages/688_00210.jpg
2268,images/690_00270.png,masks/690_00270.png,collages/690_00270.jpg
2269,images/690_00330.png,masks/690_00330.png,collages/690_00330.jpg
2270,images/691_00060.png,masks/691_00060.png,collages/691_00060.jpg
2271,images/691_00090.png,masks/691_00090.png,collages/691_00090.jpg
2272,images/691_00150.png,masks/691_00150.png,collages/691_00150.jpg
2273,images/691_00180.png,masks/691_00180.png,collages/691_00180.jpg
2274,images/691_00240.png,masks/691_00240.png,collages/691_00240.jpg
2275,images/691_00270.png,masks/691_00270.png,collages/691_00270.jpg
2276,images/691_00450.png,masks/691_00450.png,collages/691_00450.jpg
2277,images/692_00030.png,masks/692_00030.png,collages/692_00030.jpg
2278,images/692_00390.png,masks/692_00390.png,collages/692_00390.jpg
2279,images/692_00420.png,masks/692_00420.png,collages/692_00420.jpg
2280,images/693_00180.png,masks/693_00180.png,collages/693_00180.jpg
2281,images/693_00210.png,masks/693_00210.png,collages/693_00210.jpg
2282,images/693_00240.png,masks/693_00240.png,collages/693_00240.jpg
2283,images/693_00330.png,masks/693_00330.png,collages/693_00330.jpg
2284,images/696_00030.png,masks/696_00030.png,collages/696_00030.jpg
2285,images/696_00060.png,masks/696_00060.png,collages/696_00060.jpg
2286,images/696_00090.png,masks/696_00090.png,collages/696_00090.jpg
2287,images/696_00120.png,masks/696_00120.png,collages/696_00120.jpg
2288,images/696_00150.png,masks/696_00150.png,collages/696_00150.jpg
2289,images/696_00180.png,masks/696_00180.png,collages/696_00180.jpg
2290,images/696_00210.png,masks/696_00210.png,collages/696_00210.jpg
2291,images/696_00240.png,masks/696_00240.png,collages/696_00240.jpg
2292,images/696_00270.png,masks/696_00270.png,collages/696_00270.jpg
2293,images/696_00300.png,masks/696_00300.png,collages/696_00300.jpg
2294,images/696_00330.png,masks/696_00330.png,collages/696_00330.jpg
2295,images/696_00360.png,masks/696_00360.png,collages/696_00360.jpg
2296,images/696_00390.png,masks/696_00390.png,collages/696_00390.jpg
2297,images/696_00420.png,masks/696_00420.png,collages/696_00420.jpg
2298,images/696_00450.png,masks/696_00450.png,collages/696_00450.jpg
2299,images/698_00150.png,masks/698_00150.png,collages/698_00150.jpg
2300,images/698_00180.png,masks/698_00180.png,collages/698_00180.jpg
2301,images/698_00240.png,masks/698_00240.png,collages/698_00240.jpg
2302,images/699_00060.png,masks/699_00060.png,collages/699_00060.jpg
2303,images/699_00090.png,masks/699_00090.png,collages/699_00090.jpg
2304,images/699_00120.png,masks/699_00120.png,collages/699_00120.jpg
2305,images/699_00150.png,masks/699_00150.png,collages/699_00150.jpg
2306,images/699_00180.png,masks/699_00180.png,collages/699_00180.jpg
2307,images/699_00210.png,masks/699_00210.png,collages/699_00210.jpg
2308,images/699_00240.png,masks/699_00240.png,collages/699_00240.jpg
2309,images/699_00330.png,masks/699_00330.png,collages/699_00330.jpg
2310,images/699_00390.png,masks/699_00390.png,collages/699_00390.jpg
2311,images/699_00420.png,masks/699_00420.png,collages/699_00420.jpg
2312,images/6_00030.png,masks/6_00030.png,collages/6_00030.jpg
2313,images/6_00300.png,masks/6_00300.png,collages/6_00300.jpg
2314,images/6_00330.png,masks/6_00330.png,collages/6_00330.jpg
2315,images/711_00060.png,masks/711_00060.png,collages/711_00060.jpg
2316,images/711_00090.png,masks/711_00090.png,collages/711_00090.jpg
2317,images/711_00120.png,masks/711_00120.png,collages/711_00120.jpg
2318,images/711_00150.png,masks/711_00150.png,collages/711_00150.jpg
2319,images/711_00180.png,masks/711_00180.png,collages/711_00180.jpg
2320,images/711_00210.png,masks/711_00210.png,collages/711_00210.jpg
2321,images/711_00240.png,masks/711_00240.png,collages/711_00240.jpg
2322,images/711_00270.png,masks/711_00270.png,collages/711_00270.jpg
2323,images/711_00390.png,masks/711_00390.png,collages/711_00390.jpg
2324,images/711_00420.png,masks/711_00420.png,collages/711_00420.jpg
2325,images/714_00060.png,masks/714_00060.png,collages/714_00060.jpg
2326,images/714_00120.png,masks/714_00120.png,collages/714_00120.jpg
2327,images/714_00300.png,masks/714_00300.png,collages/714_00300.jpg
2328,images/714_00330.png,masks/714_00330.png,collages/714_00330.jpg
2329,images/714_00420.png,masks/714_00420.png,collages/714_00420.jpg
2330,images/715_00030.png,masks/715_00030.png,collages/715_00030.jpg
2331,images/715_00060.png,masks/715_00060.png,collages/715_00060.jpg
2332,images/715_00120.png,masks/715_00120.png,collages/715_00120.jpg
2333,images/715_00150.png,masks/715_00150.png,collages/715_00150.jpg
2334,images/715_00210.png,masks/715_00210.png,collages/715_00210.jpg
2335,images/716_00030.png,masks/716_00030.png,collages/716_00030.jpg
2336,images/716_00060.png,masks/716_00060.png,collages/716_00060.jpg
2337,images/716_00090.png,masks/716_00090.png,collages/716_00090.jpg
2338,images/716_00120.png,masks/716_00120.png,collages/716_00120.jpg
2339,images/716_00150.png,masks/716_00150.png,collages/716_00150.jpg
2340,images/716_00180.png,masks/716_00180.png,collages/716_00180.jpg
2341,images/716_00210.png,masks/716_00210.png,collages/716_00210.jpg
2342,images/716_00240.png,masks/716_00240.png,collages/716_00240.jpg
2343,images/716_00270.png,masks/716_00270.png,collages/716_00270.jpg
2344,images/716_00300.png,masks/716_00300.png,collages/716_00300.jpg
2345,images/717_00060.png,masks/717_00060.png,collages/717_00060.jpg
2346,images/717_00120.png,masks/717_00120.png,collages/717_00120.jpg
2347,images/717_00150.png,masks/717_00150.png,collages/717_00150.jpg
2348,images/717_00180.png,masks/717_00180.png,collages/717_00180.jpg
2349,images/717_00240.png,masks/717_00240.png,collages/717_00240.jpg
2350,images/717_00270.png,masks/717_00270.png,collages/717_00270.jpg
2351,images/717_00390.png,masks/717_00390.png,collages/717_00390.jpg
2352,images/719_00300.png,masks/719_00300.png,collages/719_00300.jpg
2353,images/719_00360.png,masks/719_00360.png,collages/719_00360.jpg
2354,images/719_00390.png,masks/719_00390.png,collages/719_00390.jpg
2355,images/719_00420.png,masks/719_00420.png,collages/719_00420.jpg
2356,images/71_00060.png,masks/71_00060.png,collages/71_00060.jpg
2357,images/71_00090.png,masks/71_00090.png,collages/71_00090.jpg
2358,images/71_00180.png,masks/71_00180.png,collages/71_00180.jpg
2359,images/71_00210.png,masks/71_00210.png,collages/71_00210.jpg
2360,images/71_00240.png,masks/71_00240.png,collages/71_00240.jpg
2361,images/71_00360.png,masks/71_00360.png,collages/71_00360.jpg
2362,images/71_00420.png,masks/71_00420.png,collages/71_00420.jpg
2363,images/724_00210.png,masks/724_00210.png,collages/724_00210.jpg
2364,images/724_00300.png,masks/724_00300.png,collages/724_00300.jpg
2365,images/724_00330.png,masks/724_00330.png,collages/724_00330.jpg
2366,images/725_00060.png,masks/725_00060.png,collages/725_00060.jpg
2367,images/725_00090.png,masks/725_00090.png,collages/725_00090.jpg
2368,images/726_00360.png,masks/726_00360.png,collages/726_00360.jpg
2369,images/726_00390.png,masks/726_00390.png,collages/726_00390.jpg
2370,images/72_00030.png,masks/72_00030.png,collages/72_00030.jpg
2371,images/72_00090.png,masks/72_00090.png,collages/72_00090.jpg
2372,images/72_00120.png,masks/72_00120.png,collages/72_00120.jpg
2373,images/72_00150.png,masks/72_00150.png,collages/72_00150.jpg
2374,images/72_00180.png,masks/72_00180.png,collages/72_00180.jpg
2375,images/72_00210.png,masks/72_00210.png,collages/72_00210.jpg
2376,images/72_00240.png,masks/72_00240.png,collages/72_00240.jpg
2377,images/72_00270.png,masks/72_00270.png,collages/72_00270.jpg
2378,images/72_00300.png,masks/72_00300.png,collages/72_00300.jpg
2379,images/72_00330.png,masks/72_00330.png,collages/72_00330.jpg
2380,images/72_00360.png,masks/72_00360.png,collages/72_00360.jpg
2381,images/72_00390.png,masks/72_00390.png,collages/72_00390.jpg
2382,images/72_00420.png,masks/72_00420.png,collages/72_00420.jpg
2383,images/733_00030.png,masks/733_00030.png,collages/733_00030.jpg
2384,images/733_00060.png,masks/733_00060.png,collages/733_00060.jpg
2385,images/733_00090.png,masks/733_00090.png,collages/733_00090.jpg
2386,images/733_00120.png,masks/733_00120.png,collages/733_00120.jpg
2387,images/733_00150.png,masks/733_00150.png,collages/733_00150.jpg
2388,images/733_00180.png,masks/733_00180.png,collages/733_00180.jpg
2389,images/733_00210.png,masks/733_00210.png,collages/733_00210.jpg
2390,images/733_00270.png,masks/733_00270.png,collages/733_00270.jpg
2391,images/733_00300.png,masks/733_00300.png,collages/733_00300.jpg
2392,images/734_00030.png,masks/734_00030.png,collages/734_00030.jpg
2393,images/734_00060.png,masks/734_00060.png,collages/734_00060.jpg
2394,images/734_00090.png,masks/734_00090.png,collages/734_00090.jpg
2395,images/734_00150.png,masks/734_00150.png,collages/734_00150.jpg
2396,images/734_00180.png,masks/734_00180.png,collages/734_00180.jpg
2397,images/734_00210.png,masks/734_00210.png,collages/734_00210.jpg
2398,images/734_00240.png,masks/734_00240.png,collages/734_00240.jpg
2399,images/734_00270.png,masks/734_00270.png,collages/734_00270.jpg
2400,images/734_00300.png,masks/734_00300.png,collages/734_00300.jpg
2401,images/734_00330.png,masks/734_00330.png,collages/734_00330.jpg
2402,images/734_00360.png,masks/734_00360.png,collages/734_00360.jpg
2403,images/734_00390.png,masks/734_00390.png,collages/734_00390.jpg
2404,images/737_00090.png,masks/737_00090.png,collages/737_00090.jpg
2405,images/737_00120.png,masks/737_00120.png,collages/737_00120.jpg
2406,images/737_00150.png,masks/737_00150.png,collages/737_00150.jpg
2407,images/737_00180.png,masks/737_00180.png,collages/737_00180.jpg
2408,images/737_00210.png,masks/737_00210.png,collages/737_00210.jpg
2409,images/737_00240.png,masks/737_00240.png,collages/737_00240.jpg
2410,images/737_00300.png,masks/737_00300.png,collages/737_00300.jpg
2411,images/737_00420.png,masks/737_00420.png,collages/737_00420.jpg
2412,images/738_00090.png,masks/738_00090.png,collages/738_00090.jpg
2413,images/738_00120.png,masks/738_00120.png,collages/738_00120.jpg
2414,images/738_00150.png,masks/738_00150.png,collages/738_00150.jpg
2415,images/738_00180.png,masks/738_00180.png,collages/738_00180.jpg
2416,images/738_00210.png,masks/738_00210.png,collages/738_00210.jpg
2417,images/738_00240.png,masks/738_00240.png,collages/738_00240.jpg
2418,images/738_00300.png,masks/738_00300.png,collages/738_00300.jpg
2419,images/73_00030.png,masks/73_00030.png,collages/73_00030.jpg
2420,images/73_00060.png,masks/73_00060.png,collages/73_00060.jpg
2421,images/73_00090.png,masks/73_00090.png,collages/73_00090.jpg
2422,images/73_00120.png,masks/73_00120.png,collages/73_00120.jpg
2423,images/73_00150.png,masks/73_00150.png,collages/73_00150.jpg
2424,images/73_00180.png,masks/73_00180.png,collages/73_00180.jpg
2425,images/73_00210.png,masks/73_00210.png,collages/73_00210.jpg
2426,images/73_00240.png,masks/73_00240.png,collages/73_00240.jpg
2427,images/73_00270.png,masks/73_00270.png,collages/73_00270.jpg
2428,images/73_00300.png,masks/73_00300.png,collages/73_00300.jpg
2429,images/73_00330.png,masks/73_00330.png,collages/73_00330.jpg
2430,images/73_00360.png,masks/73_00360.png,collages/73_00360.jpg
2431,images/73_00390.png,masks/73_00390.png,collages/73_00390.jpg
2432,images/741_00120.png,masks/741_00120.png,collages/741_00120.jpg
2433,images/741_00150.png,masks/741_00150.png,collages/741_00150.jpg
2434,images/741_00180.png,masks/741_00180.png,collages/741_00180.jpg
2435,images/741_00210.png,masks/741_00210.png,collages/741_00210.jpg
2436,images/741_00300.png,masks/741_00300.png,collages/741_00300.jpg
2437,images/742_00060.png,masks/742_00060.png,collages/742_00060.jpg
2438,images/742_00150.png,masks/742_00150.png,collages/742_00150.jpg
2439,images/742_00300.png,masks/742_00300.png,collages/742_00300.jpg
2440,images/742_00360.png,masks/742_00360.png,collages/742_00360.jpg
2441,images/745_00060.png,masks/745_00060.png,collages/745_00060.jpg
2442,images/745_00210.png,masks/745_00210.png,collages/745_00210.jpg
2443,images/745_00360.png,masks/745_00360.png,collages/745_00360.jpg
2444,images/747_00060.png,masks/747_00060.png,collages/747_00060.jpg
2445,images/750_00150.png,masks/750_00150.png,collages/750_00150.jpg
2446,images/750_00210.png,masks/750_00210.png,collages/750_00210.jpg
2447,images/750_00240.png,masks/750_00240.png,collages/750_00240.jpg
2448,images/751_00090.png,masks/751_00090.png,collages/751_00090.jpg
2449,images/751_00120.png,masks/751_00120.png,collages/751_00120.jpg
2450,images/751_00150.png,masks/751_00150.png,collages/751_00150.jpg
2451,images/751_00180.png,masks/751_00180.png,collages/751_00180.jpg
2452,images/751_00240.png,masks/751_00240.png,collages/751_00240.jpg
2453,images/751_00360.png,masks/751_00360.png,collages/751_00360.jpg
2454,images/751_00390.png,masks/751_00390.png,collages/751_00390.jpg
2455,images/752_00030.png,masks/752_00030.png,collages/752_00030.jpg
2456,images/752_00060.png,masks/752_00060.png,collages/752_00060.jpg
2457,images/752_00090.png,masks/752_00090.png,collages/752_00090.jpg
2458,images/752_00120.png,masks/752_00120.png,collages/752_00120.jpg
2459,images/752_00150.png,masks/752_00150.png,collages/752_00150.jpg
2460,images/752_00210.png,masks/752_00210.png,collages/752_00210.jpg
2461,images/752_00240.png,masks/752_00240.png,collages/752_00240.jpg
2462,images/752_00270.png,masks/752_00270.png,collages/752_00270.jpg
2463,images/752_00330.png,masks/752_00330.png,collages/752_00330.jpg
2464,images/752_00360.png,masks/752_00360.png,collages/752_00360.jpg
2465,images/752_00390.png,masks/752_00390.png,collages/752_00390.jpg
2466,images/752_00420.png,masks/752_00420.png,collages/752_00420.jpg
2467,images/752_00450.png,masks/752_00450.png,collages/752_00450.jpg
2468,images/753_00030.png,masks/753_00030.png,collages/753_00030.jpg
2469,images/753_00060.png,masks/753_00060.png,collages/753_00060.jpg
2470,images/753_00090.png,masks/753_00090.png,collages/753_00090.jpg
2471,images/753_00120.png,masks/753_00120.png,collages/753_00120.jpg
2472,images/753_00150.png,masks/753_00150.png,collages/753_00150.jpg
2473,images/753_00180.png,masks/753_00180.png,collages/753_00180.jpg
2474,images/753_00240.png,masks/753_00240.png,collages/753_00240.jpg
2475,images/753_00270.png,masks/753_00270.png,collages/753_00270.jpg
2476,images/753_00300.png,masks/753_00300.png,collages/753_00300.jpg
2477,images/753_00330.png,masks/753_00330.png,collages/753_00330.jpg
2478,images/754_00030.png,masks/754_00030.png,collages/754_00030.jpg
2479,images/755_00060.png,masks/755_00060.png,collages/755_00060.jpg
2480,images/755_00180.png,masks/755_00180.png,collages/755_00180.jpg
2481,images/756_00030.png,masks/756_00030.png,collages/756_00030.jpg
2482,images/756_00060.png,masks/756_00060.png,collages/756_00060.jpg
2483,images/756_00120.png,masks/756_00120.png,collages/756_00120.jpg
2484,images/756_00150.png,masks/756_00150.png,collages/756_00150.jpg
2485,images/756_00180.png,masks/756_00180.png,collages/756_00180.jpg
2486,images/756_00210.png,masks/756_00210.png,collages/756_00210.jpg
2487,images/756_00240.png,masks/756_00240.png,collages/756_00240.jpg
2488,images/756_00330.png,masks/756_00330.png,collages/756_00330.jpg
2489,images/756_00420.png,masks/756_00420.png,collages/756_00420.jpg
2490,images/757_00060.png,masks/757_00060.png,collages/757_00060.jpg
2491,images/761_00030.png,masks/761_00030.png,collages/761_00030.jpg
2492,images/761_00090.png,masks/761_00090.png,collages/761_00090.jpg
2493,images/761_00270.png,masks/761_00270.png,collages/761_00270.jpg
2494,images/761_00300.png,masks/761_00300.png,collages/761_00300.jpg
2495,images/762_00030.png,masks/762_00030.png,collages/762_00030.jpg
2496,images/765_00060.png,masks/765_00060.png,collages/765_00060.jpg
2497,images/765_00090.png,masks/765_00090.png,collages/765_00090.jpg
2498,images/769_00090.png,masks/769_00090.png,collages/769_00090.jpg
2499,images/769_00120.png,masks/769_00120.png,collages/769_00120.jpg
2500,images/769_00180.png,masks/769_00180.png,collages/769_00180.jpg
2501,images/769_00240.png,masks/769_00240.png,collages/769_00240.jpg
2502,images/769_00270.png,masks/769_00270.png,collages/769_00270.jpg
2503,images/769_00330.png,masks/769_00330.png,collages/769_00330.jpg
2504,images/769_00360.png,masks/769_00360.png,collages/769_00360.jpg
2505,images/76_00030.png,masks/76_00030.png,collages/76_00030.jpg
2506,images/76_00060.png,masks/76_00060.png,collages/76_00060.jpg
2507,images/76_00090.png,masks/76_00090.png,collages/76_00090.jpg
2508,images/76_00150.png,masks/76_00150.png,collages/76_00150.jpg
2509,images/76_00240.png,masks/76_00240.png,collages/76_00240.jpg
2510,images/76_00360.png,masks/76_00360.png,collages/76_00360.jpg
2511,images/770_00030.png,masks/770_00030.png,collages/770_00030.jpg
2512,images/770_00060.png,masks/770_00060.png,collages/770_00060.jpg
2513,images/770_00090.png,masks/770_00090.png,collages/770_00090.jpg
2514,images/770_00120.png,masks/770_00120.png,collages/770_00120.jpg
2515,images/770_00150.png,masks/770_00150.png,collages/770_00150.jpg
2516,images/770_00240.png,masks/770_00240.png,collages/770_00240.jpg
2517,images/772_00060.png,masks/772_00060.png,collages/772_00060.jpg
2518,images/772_00120.png,masks/772_00120.png,collages/772_00120.jpg
2519,images/772_00210.png,masks/772_00210.png,collages/772_00210.jpg
2520,images/772_00240.png,masks/772_00240.png,collages/772_00240.jpg
2521,images/772_00270.png,masks/772_00270.png,collages/772_00270.jpg
2522,images/772_00300.png,masks/772_00300.png,collages/772_00300.jpg
2523,images/772_00330.png,masks/772_00330.png,collages/772_00330.jpg
2524,images/77_00030.png,masks/77_00030.png,collages/77_00030.jpg
2525,images/77_00060.png,masks/77_00060.png,collages/77_00060.jpg
2526,images/77_00090.png,masks/77_00090.png,collages/77_00090.jpg
2527,images/77_00120.png,masks/77_00120.png,collages/77_00120.jpg
2528,images/77_00150.png,masks/77_00150.png,collages/77_00150.jpg
2529,images/77_00210.png,masks/77_00210.png,collages/77_00210.jpg
2530,images/77_00240.png,masks/77_00240.png,collages/77_00240.jpg
2531,images/77_00270.png,masks/77_00270.png,collages/77_00270.jpg
2532,images/77_00330.png,masks/77_00330.png,collages/77_00330.jpg
2533,images/7_00150.png,masks/7_00150.png,collages/7_00150.jpg
2534,images/7_00240.png,masks/7_00240.png,collages/7_00240.jpg
2535,images/7_00300.png,masks/7_00300.png,collages/7_00300.jpg
2536,images/7_00330.png,masks/7_00330.png,collages/7_00330.jpg
2537,images/80_00030.png,masks/80_00030.png,collages/80_00030.jpg
2538,images/80_00060.png,masks/80_00060.png,collages/80_00060.jpg
2539,images/80_00090.png,masks/80_00090.png,collages/80_00090.jpg
2540,images/80_00180.png,masks/80_00180.png,collages/80_00180.jpg
2541,images/80_00210.png,masks/80_00210.png,collages/80_00210.jpg
2542,images/80_00240.png,masks/80_00240.png,collages/80_00240.jpg
2543,images/80_00420.png,masks/80_00420.png,collages/80_00420.jpg
2544,images/81_00030.png,masks/81_00030.png,collages/81_00030.jpg
2545,images/81_00060.png,masks/81_00060.png,collages/81_00060.jpg
2546,images/85_00150.png,masks/85_00150.png,collages/85_00150.jpg
2547,images/85_00180.png,masks/85_00180.png,collages/85_00180.jpg
2548,images/85_00210.png,masks/85_00210.png,collages/85_00210.jpg
2549,images/85_00240.png,masks/85_00240.png,collages/85_00240.jpg
2550,images/85_00270.png,masks/85_00270.png,collages/85_00270.jpg
2551,images/85_00330.png,masks/85_00330.png,collages/85_00330.jpg
2552,images/86_00030.png,masks/86_00030.png,collages/86_00030.jpg
2553,images/86_00060.png,masks/86_00060.png,collages/86_00060.jpg
2554,images/86_00090.png,masks/86_00090.png,collages/86_00090.jpg
2555,images/86_00120.png,masks/86_00120.png,collages/86_00120.jpg
2556,images/86_00150.png,masks/86_00150.png,collages/86_00150.jpg
2557,images/86_00180.png,masks/86_00180.png,collages/86_00180.jpg
2558,images/86_00210.png,masks/86_00210.png,collages/86_00210.jpg
2559,images/86_00240.png,masks/86_00240.png,collages/86_00240.jpg
2560,images/86_00270.png,masks/86_00270.png,collages/86_00270.jpg
2561,images/86_00300.png,masks/86_00300.png,collages/86_00300.jpg
2562,images/89_00180.png,masks/89_00180.png,collages/89_00180.jpg
2563,images/89_00210.png,masks/89_00210.png,collages/89_00210.jpg
2564,images/89_00360.png,masks/89_00360.png,collages/89_00360.jpg
2565,images/90_00030.png,masks/90_00030.png,collages/90_00030.jpg
2566,images/90_00060.png,masks/90_00060.png,collages/90_00060.jpg
2567,images/90_00090.png,masks/90_00090.png,collages/90_00090.jpg
2568,images/90_00120.png,masks/90_00120.png,collages/90_00120.jpg
2569,images/90_00150.png,masks/90_00150.png,collages/90_00150.jpg
2570,images/90_00180.png,masks/90_00180.png,collages/90_00180.jpg
2571,images/90_00210.png,masks/90_00210.png,collages/90_00210.jpg
2572,images/90_00240.png,masks/90_00240.png,collages/90_00240.jpg
2573,images/90_00270.png,masks/90_00270.png,collages/90_00270.jpg
2574,images/90_00300.png,masks/90_00300.png,collages/90_00300.jpg
2575,images/90_00330.png,masks/90_00330.png,collages/90_00330.jpg
2576,images/90_00360.png,masks/90_00360.png,collages/90_00360.jpg
2577,images/90_00390.png,masks/90_00390.png,collages/90_00390.jpg
2578,images/90_00420.png,masks/90_00420.png,collages/90_00420.jpg
2579,images/92_00030.png,masks/92_00030.png,collages/92_00030.jpg
2580,images/92_00060.png,masks/92_00060.png,collages/92_00060.jpg
2581,images/92_00120.png,masks/92_00120.png,collages/92_00120.jpg
2582,images/92_00150.png,masks/92_00150.png,collages/92_00150.jpg
2583,images/92_00240.png,masks/92_00240.png,collages/92_00240.jpg
2584,images/92_00270.png,masks/92_00270.png,collages/92_00270.jpg
2585,images/92_00300.png,masks/92_00300.png,collages/92_00300.jpg
2586,images/92_00330.png,masks/92_00330.png,collages/92_00330.jpg
2587,images/92_00390.png,masks/92_00390.png,collages/92_00390.jpg
2588,images/92_00420.png,masks/92_00420.png,collages/92_00420.jpg
2589,images/93_00030.png,masks/93_00030.png,collages/93_00030.jpg
2590,images/93_00060.png,masks/93_00060.png,collages/93_00060.jpg
2591,images/93_00090.png,masks/93_00090.png,collages/93_00090.jpg
2592,images/93_00120.png,masks/93_00120.png,collages/93_00120.jpg
2593,images/93_00150.png,masks/93_00150.png,collages/93_00150.jpg
2594,images/95_00030.png,masks/95_00030.png,collages/95_00030.jpg
2595,images/95_00090.png,masks/95_00090.png,collages/95_00090.jpg
2596,images/95_00120.png,masks/95_00120.png,collages/95_00120.jpg
2597,images/95_00150.png,masks/95_00150.png,collages/95_00150.jpg
2598,images/95_00180.png,masks/95_00180.png,collages/95_00180.jpg
2599,images/95_00210.png,masks/95_00210.png,collages/95_00210.jpg
2600,images/95_00270.png,masks/95_00270.png,collages/95_00270.jpg
2601,images/95_00300.png,masks/95_00300.png,collages/95_00300.jpg
2602,images/95_00330.png,masks/95_00330.png,collages/95_00330.jpg
2603,images/97_00150.png,masks/97_00150.png,collages/97_00150.jpg
2604,images/97_00180.png,masks/97_00180.png,collages/97_00180.jpg
2605,images/98_00120.png,masks/98_00120.png,collages/98_00120.jpg
2606,images/98_00240.png,masks/98_00240.png,collages/98_00240.jpg
2607,images/98_00270.png,masks/98_00270.png,collages/98_00270.jpg
2608,images/98_00300.png,masks/98_00300.png,collages/98_00300.jpg
2609,images/9_00060.png,masks/9_00060.png,collages/9_00060.jpg
2610,images/9_00090.png,masks/9_00090.png,collages/9_00090.jpg
2611,images/9_00150.png,masks/9_00150.png,collages/9_00150.jpg
2612,images/9_00180.png,masks/9_00180.png,collages/9_00180.jpg
2613,images/9_00240.png,masks/9_00240.png,collages/9_00240.jpg
2614,images/9_00420.png,masks/9_00420.png,collages/9_00420.jpg
